{
	"credit": "Made with Blockbench",
	"texture_size": [32, 32],
	"textures": {
		"0": "tripmine",
		"particle": "tripmine"
	},
	"elements": [
		{
			"name": "base",
			"from": [5, -6, 5],
			"to": [11, 2, 11],
			"rotation": {"angle": 0, "axis": "y", "origin": [7, -6, 7]},
			"faces": {
				"north": {"uv": [0, 0, 3, 4], "texture": "#0"},
				"east": {"uv": [3, 0, 6, 4], "texture": "#0"},
				"south": {"uv": [0, 4, 3, 8], "texture": "#0"},
				"west": {"uv": [3, 4, 6, 8], "texture": "#0"},
				"up": {"uv": [9, 3, 6, 0], "texture": "#0"},
				"down": {"uv": [9, 3, 6, 6], "texture": "#0"}
			}
		},
		{
			"name": "thingamajig",
			"from": [7.5, 2, 9.5],
			"to": [8.5, 5, 10.5],
			"rotation": {"angle": 0, "axis": "y", "origin": [8, 2, 8]},
			"faces": {
				"north": {"uv": [6, 6, 6.5, 7.5], "texture": "#0"},
				"east": {"uv": [6.5, 6, 7, 7.5], "texture": "#0"},
				"south": {"uv": [7, 6, 7.5, 7.5], "texture": "#0"},
				"west": {"uv": [6, 7.5, 6.5, 9], "texture": "#0"},
				"up": {"uv": [0.5, 8.5, 0, 8], "texture": "#0"},
				"down": {"uv": [1, 8, 0.5, 8.5], "texture": "#0"}
			}
		},
		{
			"from": [8, 5, 9.5],
			"to": [8, 7, 10.5],
			"rotation": {"angle": 22.5, "axis": "z", "origin": [8, 5, 10]},
			"faces": {
				"north": {"uv": [0, 0, 0, 1], "texture": "#0"},
				"east": {"uv": [7, 7.5, 7.5, 8.5], "texture": "#0"},
				"south": {"uv": [0, 0, 0, 1], "texture": "#0"},
				"west": {"uv": [7.5, 7, 8, 8], "texture": "#0"},
				"up": {"uv": [0, 0.5, 0, 0], "texture": "#0"},
				"down": {"uv": [0, 0, 0, 0.5], "texture": "#0"}
			}
		},
		{
			"from": [8, 5, 9.5],
			"to": [8, 7, 10.5],
			"rotation": {"angle": -22.5, "axis": "z", "origin": [8, 5, 10]},
			"faces": {
				"north": {"uv": [0, 0, 0, 1], "texture": "#0"},
				"east": {"uv": [7.5, 6, 8, 7], "texture": "#0"},
				"south": {"uv": [0, 0, 0, 1], "texture": "#0"},
				"west": {"uv": [6.5, 7.5, 7, 8.5], "texture": "#0"},
				"up": {"uv": [0, 0.5, 0, 0], "texture": "#0"},
				"down": {"uv": [0, 0, 0, 0.5], "texture": "#0"}
			}
		}
	],
	"display": {
		"thirdperson_righthand": {
			"rotation": [0, 142, 0],
			"translation": [0, 3.75, 0],
			"scale": [0.64, 0.64, 0.64]
		},
		"thirdperson_lefthand": {
			"rotation": [0, 142, 0],
			"translation": [0, 3.75, 0],
			"scale": [0.64, 0.64, 0.64]
		},
		"firstperson_righthand": {
			"rotation": [-4, 120, 0],
			"translation": [3, 5.5, -2]
		},
		"firstperson_lefthand": {
			"rotation": [-4, 120, 0],
			"translation": [3, 5.5, -2]
		},
		"ground": {
			"translation": [0, 2.75, 0],
			"scale": [0.64, 0.64, 0.64]
		},
		"gui": {
			"rotation": [34, -130, 0],
			"translation": [0, 2, 0]
		},
		"head": {
			"translation": [0, 6.75, 0],
			"scale": [2.23, 1.68, 2.23]
		}
	},
	"groups": [
		0,
		{
			"name": "\"\"antenna\"\"",
			"origin": [8, 8, 8],
			"color": 0,
			"children": [1, 2, 3]
		}
	]
}