{
	"credit": "Made with Blockbench",
	"texture_size": [32, 32],
	"textures": {
		"0": "9К119М",
		"particle": "9К119М"
	},
	"elements": [
		{
			"from": [5.5, 5.5, 2],
			"to": [10.5, 10.5, 19],
			"rotation": {"angle": 0, "axis": "y", "origin": [7, 7, 1]},
			"faces": {
				"north": {"uv": [9, 4, 11.5, 6.5], "texture": "#0"},
				"east": {"uv": [0, 0, 8.5, 2.5], "texture": "#0"},
				"south": {"uv": [9, 6.5, 11.5, 9], "texture": "#0"},
				"west": {"uv": [0, 2.5, 8.5, 5], "texture": "#0"},
				"up": {"uv": [2.5, 13.5, 0, 5], "texture": "#0"},
				"down": {"uv": [5, 5, 2.5, 13.5], "texture": "#0"}
			}
		},
		{
			"from": [6, 6, -1],
			"to": [10, 10, 2],
			"rotation": {"angle": 0, "axis": "y", "origin": [7, 7, -1]},
			"faces": {
				"north": {"uv": [9, 9, 11, 11], "texture": "#0"},
				"east": {"uv": [7, 11, 8.5, 13], "texture": "#0"},
				"south": {"uv": [5, 11, 7, 13], "texture": "#0"},
				"west": {"uv": [8.5, 11, 10, 13], "texture": "#0"},
				"up": {"uv": [13, 10.5, 11, 9], "texture": "#0"},
				"down": {"uv": [12, 11, 10, 12.5], "texture": "#0"}
			}
		},
		{
			"from": [7, 7, -3],
			"to": [9, 9, -1],
			"rotation": {"angle": 0, "axis": "y", "origin": [7, 7, -4]},
			"faces": {
				"north": {"uv": [11.5, 8, 12.5, 9], "texture": "#0"},
				"east": {"uv": [12, 10.5, 13, 11.5], "texture": "#0"},
				"south": {"uv": [12, 11.5, 13, 12.5], "texture": "#0"},
				"west": {"uv": [12.5, 8, 13.5, 9], "texture": "#0"},
				"up": {"uv": [11, 13.5, 10, 12.5], "texture": "#0"},
				"down": {"uv": [12, 12.5, 11, 13.5], "texture": "#0"}
			}
		},
		{
			"from": [8, 2, 15],
			"to": [8, 14, 19],
			"rotation": {"angle": -45, "axis": "z", "origin": [8, 8, 17]},
			"faces": {
				"north": {"uv": [0, 0, 0, 6], "texture": "#0"},
				"east": {"uv": [5, 5, 7, 11], "texture": "#0"},
				"south": {"uv": [0, 0, 0, 6], "texture": "#0"},
				"west": {"uv": [7, 5, 9, 11], "texture": "#0"},
				"up": {"uv": [0, 2, 0, 0], "texture": "#0"},
				"down": {"uv": [0, 0, 0, 2], "texture": "#0"}
			}
		},
		{
			"from": [2, 8, 15],
			"to": [14, 8, 19],
			"rotation": {"angle": -45, "axis": "z", "origin": [8, 8, 17]},
			"faces": {
				"north": {"uv": [0, 0, 6, 0], "texture": "#0"},
				"east": {"uv": [0, 0, 2, 0], "texture": "#0"},
				"south": {"uv": [0, 0, 6, 0], "texture": "#0"},
				"west": {"uv": [0, 0, 2, 0], "texture": "#0"},
				"up": {"uv": [14.5, 2, 8.5, 0], "texture": "#0"},
				"down": {"uv": [14.5, 2, 8.5, 4], "texture": "#0"}
			}
		},
		{
			"from": [3, 8, 2],
			"to": [7, 8, 4],
			"rotation": {"angle": 22.5, "axis": "y", "origin": [7, 8, 2]},
			"faces": {
				"north": {"uv": [0, 0, 2, 0], "texture": "#0"},
				"east": {"uv": [0, 0, 1, 0], "texture": "#0"},
				"south": {"uv": [0, 0, 2, 0], "texture": "#0"},
				"west": {"uv": [0, 0, 1, 0], "texture": "#0"},
				"up": {"uv": [13.5, 5, 11.5, 4], "texture": "#0"},
				"down": {"uv": [13.5, 5, 11.5, 6], "texture": "#0"}
			}
		},
		{
			"from": [9, 8, 2],
			"to": [13, 8, 4],
			"rotation": {"angle": -22.5, "axis": "y", "origin": [9, 8, 2]},
			"faces": {
				"north": {"uv": [0, 0, 2, 0], "texture": "#0"},
				"east": {"uv": [0, 0, 1, 0], "texture": "#0"},
				"south": {"uv": [0, 0, 2, 0], "texture": "#0"},
				"west": {"uv": [0, 0, 1, 0], "texture": "#0"},
				"up": {"uv": [13.5, 7, 11.5, 6], "texture": "#0"},
				"down": {"uv": [13.5, 7, 11.5, 8], "texture": "#0"}
			}
		}
	],
	"display": {
		"thirdperson_righthand": {
			"rotation": [87, 0, 0],
			"translation": [0, 0.5, 0],
			"scale": [0.64, 0.64, 0.64]
		},
		"thirdperson_lefthand": {
			"rotation": [87, 0, 0],
			"translation": [0, 0.5, 0],
			"scale": [0.64, 0.64, 0.64]
		},
		"firstperson_righthand": {
			"rotation": [60, 2, 45],
			"translation": [3.25, 0, 0]
		},
		"firstperson_lefthand": {
			"rotation": [60, 2, 45],
			"translation": [3.25, 0, 0]
		},
		"ground": {
			"translation": [0, 1, 0],
			"scale": [0.64, 0.64, 0.64]
		},
		"gui": {
			"rotation": [35, -153, 0],
			"translation": [1.25, -1.75, 0]
		},
		"head": {
			"rotation": [-45, 0, 0],
			"translation": [0, 7.25, 5]
		}
	}
}