{
	"credit": "Made with Blockbench",
	"texture_size": [64, 64],
	"textures": {
		"0": "AIM-9",
		"particle": "AIM-9"
	},
	"elements": [
		{
			"from": [5.5, 8, -8],
			"to": [10.5, 13, 23],
			"rotation": {"angle": 0, "axis": "y", "origin": [6, 8, 0]},
			"faces": {
				"north": {"uv": [2.5, 4, 3.75, 5.25], "texture": "#0"},
				"east": {"uv": [0, 0, 7.75, 1.25], "texture": "#0"},
				"south": {"uv": [3.75, 4, 5, 5.25], "texture": "#0"},
				"west": {"uv": [0, 1.25, 7.75, 2.5], "texture": "#0"},
				"up": {"uv": [1.25, 10.25, 0, 2.5], "texture": "#0"},
				"down": {"uv": [2.5, 2.5, 1.25, 10.25], "texture": "#0"}
			}
		},
		{
			"from": [6, 8.5, -10],
			"to": [10, 12.5, -8],
			"rotation": {"angle": 0, "axis": "y", "origin": [7, 9, -10]},
			"faces": {
				"north": {"uv": [4, 5.25, 5, 6.25], "texture": "#0"},
				"east": {"uv": [7, 7, 7.5, 8], "texture": "#0"},
				"south": {"uv": [4, 6.25, 5, 7.25], "texture": "#0"},
				"west": {"uv": [4, 7.25, 4.5, 8.25], "texture": "#0"},
				"up": {"uv": [3.5, 8, 2.5, 7.5], "texture": "#0"},
				"down": {"uv": [5.5, 7.5, 4.5, 8], "texture": "#0"}
			}
		},
		{
			"from": [7, 13, 3],
			"to": [9, 16, 13],
			"rotation": {"angle": 0, "axis": "y", "origin": [7, 13, 4]},
			"faces": {
				"north": {"uv": [3.5, 7.5, 4, 8.25], "texture": "#0"},
				"east": {"uv": [2.5, 2.5, 5, 3.25], "texture": "#0"},
				"south": {"uv": [7.5, 7, 8, 7.75], "texture": "#0"},
				"west": {"uv": [2.5, 3.25, 5, 4], "texture": "#0"},
				"up": {"uv": [5.5, 5, 5, 2.5], "texture": "#0"},
				"down": {"uv": [5.5, 5, 5, 7.5], "texture": "#0"}
			}
		},
		{
			"from": [10.5, 13, -7],
			"to": [10.5, 16, -1],
			"rotation": {"angle": -45, "axis": "z", "origin": [10, 13, -7]},
			"faces": {
				"north": {"uv": [0, 0, 0, 0.75], "texture": "#0"},
				"east": {"uv": [2.5, 5.25, 4, 6], "texture": "#0"},
				"south": {"uv": [0, 0, 0, 0.75], "texture": "#0"},
				"west": {"uv": [5.5, 2.5, 7, 3.25], "texture": "#0"},
				"up": {"uv": [0, 1.5, 0, 0], "texture": "#0"},
				"down": {"uv": [0, 0, 0, 1.5], "texture": "#0"}
			}
		},
		{
			"from": [10.5, 5, -7],
			"to": [10.5, 8, -1],
			"rotation": {"angle": 45, "axis": "z", "origin": [10, 8, -7]},
			"faces": {
				"north": {"uv": [0, 0, 0, 0.75], "texture": "#0"},
				"east": {"uv": [5.5, 3.25, 7, 4], "texture": "#0"},
				"south": {"uv": [0, 0, 0, 0.75], "texture": "#0"},
				"west": {"uv": [5.5, 4, 7, 4.75], "texture": "#0"},
				"up": {"uv": [0, 1.5, 0, 0], "texture": "#0"},
				"down": {"uv": [0, 0, 0, 1.5], "texture": "#0"}
			}
		},
		{
			"from": [5.5, 13, -7],
			"to": [5.5, 16, -1],
			"rotation": {"angle": 45, "axis": "z", "origin": [6, 13, -7]},
			"faces": {
				"north": {"uv": [0, 0, 0, 0.75], "texture": "#0"},
				"east": {"uv": [5.5, 4.75, 7, 5.5], "texture": "#0"},
				"south": {"uv": [0, 0, 0, 0.75], "texture": "#0"},
				"west": {"uv": [5.5, 5.5, 7, 6.25], "texture": "#0"},
				"up": {"uv": [0, 1.5, 0, 0], "texture": "#0"},
				"down": {"uv": [0, 0, 0, 1.5], "texture": "#0"}
			}
		},
		{
			"from": [5.5, 5, -7],
			"to": [5.5, 8, -1],
			"rotation": {"angle": -45, "axis": "z", "origin": [6, 8, -7]},
			"faces": {
				"north": {"uv": [0, 0, 0, 0.75], "texture": "#0"},
				"east": {"uv": [2.5, 6, 4, 6.75], "texture": "#0"},
				"south": {"uv": [0, 0, 0, 0.75], "texture": "#0"},
				"west": {"uv": [5.5, 6.25, 7, 7], "texture": "#0"},
				"up": {"uv": [0, 1.5, 0, 0], "texture": "#0"},
				"down": {"uv": [0, 0, 0, 1.5], "texture": "#0"}
			}
		},
		{
			"from": [5.5, 5, 17],
			"to": [5.5, 8, 23],
			"rotation": {"angle": -45, "axis": "z", "origin": [6, 8, 17]},
			"faces": {
				"north": {"uv": [0, 0, 0, 0.75], "texture": "#0"},
				"east": {"uv": [2.5, 6.75, 4, 7.5], "texture": "#0"},
				"south": {"uv": [0, 0, 0, 0.75], "texture": "#0"},
				"west": {"uv": [7, 2.5, 8.5, 3.25], "texture": "#0"},
				"up": {"uv": [0, 1.5, 0, 0], "texture": "#0"},
				"down": {"uv": [0, 0, 0, 1.5], "texture": "#0"}
			}
		},
		{
			"from": [10.5, 13, 17],
			"to": [10.5, 16, 23],
			"rotation": {"angle": -45, "axis": "z", "origin": [10, 13, 17]},
			"faces": {
				"north": {"uv": [0, 0, 0, 0.75], "texture": "#0"},
				"east": {"uv": [7, 3.25, 8.5, 4], "texture": "#0"},
				"south": {"uv": [0, 0, 0, 0.75], "texture": "#0"},
				"west": {"uv": [7, 4, 8.5, 4.75], "texture": "#0"},
				"up": {"uv": [0, 1.5, 0, 0], "texture": "#0"},
				"down": {"uv": [0, 0, 0, 1.5], "texture": "#0"}
			}
		},
		{
			"from": [10.5, 5, 17],
			"to": [10.5, 8, 23],
			"rotation": {"angle": 45, "axis": "z", "origin": [10, 8, 17]},
			"faces": {
				"north": {"uv": [0, 0, 0, 0.75], "texture": "#0"},
				"east": {"uv": [7, 4.75, 8.5, 5.5], "texture": "#0"},
				"south": {"uv": [0, 0, 0, 0.75], "texture": "#0"},
				"west": {"uv": [5.5, 7, 7, 7.75], "texture": "#0"},
				"up": {"uv": [0, 1.5, 0, 0], "texture": "#0"},
				"down": {"uv": [0, 0, 0, 1.5], "texture": "#0"}
			}
		},
		{
			"from": [5.5, 13, 17],
			"to": [5.5, 16, 23],
			"rotation": {"angle": 45, "axis": "z", "origin": [6, 13, 17]},
			"faces": {
				"north": {"uv": [0, 0, 0, 0.75], "texture": "#0"},
				"east": {"uv": [7, 5.5, 8.5, 6.25], "texture": "#0"},
				"south": {"uv": [0, 0, 0, 0.75], "texture": "#0"},
				"west": {"uv": [7, 6.25, 8.5, 7], "texture": "#0"},
				"up": {"uv": [0, 1.5, 0, 0], "texture": "#0"},
				"down": {"uv": [0, 0, 0, 1.5], "texture": "#0"}
			}
		}
	],
	"display": {
		"thirdperson_righthand": {
			"rotation": [0, -90, 0],
			"translation": [-7, 0, 0]
		},
		"gui": {
			"rotation": [39, 131, 0],
			"translation": [1, -1, 0],
			"scale": [0.7, 0.7, 0.7]
		}
	}
}