{
	"credit": "Made with Blockbench",
	"texture_size": [64, 64],
	"textures": {
		"0": "AIM-9",
		"particle": "AIM-9"
	},
	"elements": [
		{
			"from": [7, 13, 3],
			"to": [9, 16, 13],
			"rotation": {"angle": 0, "axis": "y", "origin": [7, 13, 4]},
			"faces": {
				"north": {"uv": [3.5, 7.5, 4, 8.25], "texture": "#0"},
				"east": {"uv": [2.5, 2.5, 5, 3.25], "texture": "#0"},
				"south": {"uv": [7.5, 7, 8, 7.75], "texture": "#0"},
				"west": {"uv": [2.5, 3.25, 5, 4], "texture": "#0"},
				"up": {"uv": [5.5, 5, 5, 2.5], "texture": "#0"},
				"down": {"uv": [5.5, 5, 5, 7.5], "texture": "#0"}
			}
		}
	],
	"display": {
		"thirdperson_righthand": {
			"rotation": [0, -90, 0],
			"translation": [-7, 0, 0]
		},
		"gui": {
			"rotation": [39, 131, 0],
			"translation": [1, -1, 0],
			"scale": [0.7, 0.7, 0.7]
		}
	}
}