{
	"credit": "Made with Blockbench",
	"texture_size": [32, 32],
	"textures": {
		"0": "c-8",
		"particle": "c-8"
	},
	"elements": [
		{
			"from": [7, 7, 0],
			"to": [9, 9, 16],
			"rotation": {"angle": 0, "axis": "y", "origin": [7, 7, 1]},
			"faces": {
				"north": {"uv": [3, 5, 4, 6], "texture": "#0"},
				"east": {"uv": [0, 0, 8, 1], "texture": "#0"},
				"south": {"uv": [5, 3.5, 6, 4.5], "texture": "#0"},
				"west": {"uv": [0, 1, 8, 2], "texture": "#0"},
				"up": {"uv": [1, 10, 0, 2], "texture": "#0"},
				"down": {"uv": [2, 2, 1, 10], "texture": "#0"}
			}
		},
		{
			"from": [4, 8, 13],
			"to": [7, 8, 15],
			"rotation": {"angle": 45, "axis": "y", "origin": [7, 8, 13]},
			"faces": {
				"north": {"uv": [0, 0, 1.5, 0], "texture": "#0"},
				"east": {"uv": [0, 0, 1, 0], "texture": "#0"},
				"south": {"uv": [0, 0, 1.5, 0], "texture": "#0"},
				"west": {"uv": [0, 0, 1, 0], "texture": "#0"},
				"up": {"uv": [3.5, 3, 2, 2], "texture": "#0"},
				"down": {"uv": [3.5, 3, 2, 4], "texture": "#0"}
			}
		},
		{
			"from": [9, 8, 13],
			"to": [12, 8, 15],
			"rotation": {"angle": -45, "axis": "y", "origin": [9, 8, 13]},
			"faces": {
				"north": {"uv": [0, 0, 1.5, 0], "texture": "#0"},
				"east": {"uv": [0, 0, 1, 0], "texture": "#0"},
				"south": {"uv": [0, 0, 1.5, 0], "texture": "#0"},
				"west": {"uv": [0, 0, 1, 0], "texture": "#0"},
				"up": {"uv": [5, 3, 3.5, 2], "texture": "#0"},
				"down": {"uv": [5, 3, 3.5, 4], "texture": "#0"}
			}
		},
		{
			"from": [8, 7, 13],
			"to": [8, 9, 16],
			"rotation": {"angle": -45, "axis": "x", "origin": [8, 9, 13]},
			"faces": {
				"north": {"uv": [0, 0, 0, 1], "texture": "#0"},
				"east": {"uv": [2, 4, 3.5, 5], "texture": "#0"},
				"south": {"uv": [0, 0, 0, 1], "texture": "#0"},
				"west": {"uv": [3.5, 4, 5, 5], "texture": "#0"},
				"up": {"uv": [0, 1.5, 0, 0], "texture": "#0"},
				"down": {"uv": [0, 0, 0, 1.5], "texture": "#0"}
			}
		},
		{
			"from": [8, 4, 13],
			"to": [8, 7, 15],
			"rotation": {"angle": -45, "axis": "x", "origin": [8, 7, 13]},
			"faces": {
				"north": {"uv": [0, 0, 0, 1.5], "texture": "#0"},
				"east": {"uv": [2, 5, 3, 6.5], "texture": "#0"},
				"south": {"uv": [0, 0, 0, 1.5], "texture": "#0"},
				"west": {"uv": [5, 2, 6, 3.5], "texture": "#0"},
				"up": {"uv": [0, 1, 0, 0], "texture": "#0"},
				"down": {"uv": [0, 0, 0, 1], "texture": "#0"}
			}
		}
	],
	"display": {
		"thirdperson_righthand": {
			"rotation": [117, 0, 0],
			"translation": [0, 1.75, 2]
		},
		"thirdperson_lefthand": {
			"rotation": [117, 0, 0],
			"translation": [0, 1.75, 2]
		},
		"firstperson_righthand": {
			"rotation": [56, 0, 0],
			"translation": [4, 2.75, 0]
		},
		"firstperson_lefthand": {
			"rotation": [56, 0, 0],
			"translation": [4, 2.75, 0]
		},
		"gui": {
			"rotation": [24, -143, 0],
			"translation": [0.5, 0, 0],
			"scale": [1.1, 1.1, 1.1]
		},
		"head": {
			"rotation": [23, 0, 0],
			"translation": [0, 7.75, -12.25]
		},
		"fixed": {
			"rotation": [90, 0, 0],
			"translation": [0, 0, 0.25]
		}
	}
}