{
	"credit": "Made with Blockbench",
	"texture_size": [32, 32],
	"textures": {
		"0": "C-9r rocket",
		"particle": "C-9r rocket"
	},
	"elements": [
		{
			"from": [7, 7, -1],
			"to": [9, 9, 17],
			"rotation": {"angle": 0, "axis": "y", "origin": [7, 7, 14]},
			"faces": {
				"north": {"uv": [4, 5, 5, 6], "texture": "#0"},
				"east": {"uv": [0, 0, 9, 1], "texture": "#0"},
				"south": {"uv": [5, 5, 6, 6], "texture": "#0"},
				"west": {"uv": [0, 1, 9, 2], "texture": "#0"},
				"up": {"uv": [1, 11, 0, 2], "texture": "#0"},
				"down": {"uv": [2, 2, 1, 11], "texture": "#0"}
			}
		},
		{
			"from": [8, 9, 13],
			"to": [8, 11, 17],
			"rotation": {"angle": 0, "axis": "y", "origin": [7, 9, 15]},
			"faces": {
				"north": {"uv": [0, 0, 0, 1], "texture": "#0"},
				"east": {"uv": [2, 4, 4, 5], "texture": "#0"},
				"south": {"uv": [0, 0, 0, 1], "texture": "#0"},
				"west": {"uv": [4, 2, 6, 3], "texture": "#0"},
				"up": {"uv": [0, 2, 0, 0], "texture": "#0"},
				"down": {"uv": [0, 0, 0, 2], "texture": "#0"}
			}
		},
		{
			"from": [8, 5, 13],
			"to": [8, 7, 17],
			"rotation": {"angle": 0, "axis": "y", "origin": [7, 5, 15]},
			"faces": {
				"north": {"uv": [0, 0, 0, 1], "texture": "#0"},
				"east": {"uv": [4, 3, 6, 4], "texture": "#0"},
				"south": {"uv": [0, 0, 0, 1], "texture": "#0"},
				"west": {"uv": [4, 4, 6, 5], "texture": "#0"},
				"up": {"uv": [0, 2, 0, 0], "texture": "#0"},
				"down": {"uv": [0, 0, 0, 2], "texture": "#0"}
			}
		},
		{
			"from": [5, 8, 13],
			"to": [7, 8, 17],
			"rotation": {"angle": 0, "axis": "y", "origin": [6, 7, 15]},
			"faces": {
				"north": {"uv": [0, 0, 1, 0], "texture": "#0"},
				"east": {"uv": [0, 0, 2, 0], "texture": "#0"},
				"south": {"uv": [0, 0, 1, 0], "texture": "#0"},
				"west": {"uv": [0, 0, 2, 0], "texture": "#0"},
				"up": {"uv": [3, 7, 2, 5], "texture": "#0"},
				"down": {"uv": [4, 5, 3, 7], "texture": "#0"}
			}
		},
		{
			"from": [9, 8, 13],
			"to": [11, 8, 17],
			"rotation": {"angle": 0, "axis": "y", "origin": [10, 7, 15]},
			"faces": {
				"north": {"uv": [0, 0, 1, 0], "texture": "#0"},
				"east": {"uv": [0, 0, 2, 0], "texture": "#0"},
				"south": {"uv": [0, 0, 1, 0], "texture": "#0"},
				"west": {"uv": [0, 0, 2, 0], "texture": "#0"},
				"up": {"uv": [3, 4, 2, 2], "texture": "#0"},
				"down": {"uv": [4, 2, 3, 4], "texture": "#0"}
			}
		}
	],
	"display": {
		"thirdperson_righthand": {
			"rotation": [90, 0, 0],
			"translation": [0, 0, 2]
		},
		"thirdperson_lefthand": {
			"rotation": [90, 0, 0],
			"translation": [0, 0, 2]
		},
		"firstperson_righthand": {
			"rotation": [90, 15, 0]
		},
		"firstperson_lefthand": {
			"rotation": [90, 15, 0]
		},
		"ground": {
			"translation": [0, 2, 0]
		},
		"gui": {
			"rotation": [29, 133, 0]
		},
		"fixed": {
			"rotation": [180, 90, 180]
		}
	}
}