{
	"credit": "Made with Blockbench",
	"texture_size": [128, 128],
	"textures": {
		"0": "Fab_3000",
		"particle": "Fab_3000"
	},
	"elements": [
		{
			"from": [1, 2, -7],
			"to": [15, 16, 17],
			"rotation": {"angle": 0, "axis": "y", "origin": [0, 2, 0]},
			"faces": {
				"north": {"uv": [6.25, 7, 8, 8.75], "texture": "#0"},
				"east": {"uv": [3, 3, 4.75, 0], "rotation": 90, "texture": "#0"},
				"south": {"uv": [6.25, 7, 8, 8.75], "texture": "#0"},
				"west": {"uv": [3, 0, 4.75, 3], "rotation": 90, "texture": "#0"},
				"up": {"uv": [4.75, 3, 3, 0], "texture": "#0"},
				"down": {"uv": [4.75, 0, 3, 3], "texture": "#0"}
			}
		},
		{
			"from": [6, 16, 0],
			"to": [10, 18, 1],
			"rotation": {"angle": 0, "axis": "y", "origin": [0, 16, 7]},
			"faces": {
				"north": {"uv": [1.75, 7.5, 2.25, 7.75], "texture": "#0"},
				"east": {"uv": [6.25, 6.75, 6.375, 7], "texture": "#0"},
				"south": {"uv": [3.75, 9.75, 4.25, 10], "texture": "#0"},
				"west": {"uv": [6.375, 6.75, 6.5, 7], "texture": "#0"},
				"up": {"uv": [4.75, 9.875, 4.25, 9.75], "texture": "#0"},
				"down": {"uv": [10.25, 4.375, 9.75, 4.5], "texture": "#0"}
			}
		},
		{
			"from": [6, 16, 8],
			"to": [10, 18, 9],
			"rotation": {"angle": 0, "axis": "y", "origin": [0, 16, 15]},
			"faces": {
				"north": {"uv": [9.75, 3.875, 10.25, 4.125], "texture": "#0"},
				"east": {"uv": [4.375, 7.75, 4.5, 8], "texture": "#0"},
				"south": {"uv": [9.75, 4.125, 10.25, 4.375], "texture": "#0"},
				"west": {"uv": [4.375, 8, 4.5, 8.25], "texture": "#0"},
				"up": {"uv": [10.25, 4.625, 9.75, 4.5], "texture": "#0"},
				"down": {"uv": [10.25, 4.625, 9.75, 4.75], "texture": "#0"}
			}
		},
		{
			"from": [1, 2, 25],
			"to": [15, 16, 32],
			"rotation": {"angle": 0, "axis": "y", "origin": [0, 2, 15]},
			"faces": {
				"east": {"uv": [3, 1, 4.75, 1.875], "rotation": 90, "texture": "#0"},
				"west": {"uv": [3, 1, 4.75, 1.875], "rotation": 90, "texture": "#0"},
				"up": {"uv": [4.75, 1.875, 3, 1], "texture": "#0"},
				"down": {"uv": [4.75, 1, 3, 1.875], "texture": "#0"}
			}
		},
		{
			"from": [3, 4, -14],
			"to": [13, 14, -7],
			"rotation": {"angle": 0, "axis": "y", "origin": [0, 2, 0]},
			"faces": {
				"north": {"uv": [6.5, 7.25, 7.75, 8.5], "texture": "#0"},
				"east": {"uv": [3.25, 0, 4.5, 0.875], "rotation": 90, "texture": "#0"},
				"south": {"uv": [4.75, 8.5, 6, 9.75], "texture": "#0"},
				"west": {"uv": [3.25, 0.875, 4.5, 0], "rotation": 90, "texture": "#0"},
				"up": {"uv": [4.3875, 0, 3.1375, 0.875], "texture": "#0"},
				"down": {"uv": [4.5, 0.875, 3.25, 0], "texture": "#0"}
			}
		},
		{
			"from": [5, 6, -16],
			"to": [11, 12, -14],
			"rotation": {"angle": 0, "axis": "y", "origin": [0, 2, 0]},
			"faces": {
				"north": {"uv": [9.625, 0, 10.375, 0.75], "texture": "#0"},
				"east": {"uv": [4.5, 6, 4.75, 6.75], "texture": "#0"},
				"south": {"uv": [9.625, 0.75, 10.375, 1.5], "texture": "#0"},
				"west": {"uv": [9.125, 6.25, 9.375, 7], "texture": "#0"},
				"up": {"uv": [3, 6, 2.25, 5.75], "texture": "#0"},
				"down": {"uv": [10.5, 3.625, 9.75, 3.875], "texture": "#0"}
			}
		},
		{
			"from": [2, 3, -10],
			"to": [14, 15, -8],
			"rotation": {"angle": 0, "axis": "y", "origin": [0, 2, 0]},
			"faces": {
				"north": {"uv": [8, 7, 9.5, 8.5], "texture": "#0"},
				"east": {"uv": [3.125, 2.5, 4.625, 2.75], "rotation": 90, "texture": "#0"},
				"south": {"uv": [8.25, 3.5, 9.75, 5], "texture": "#0"},
				"west": {"uv": [3.05, 2.5125, 4.55, 2.7625], "rotation": 90, "texture": "#0"},
				"up": {"uv": [4.625, 2.5, 3.125, 2.75], "texture": "#0"},
				"down": {"uv": [4.5625, 2.5375, 3.0625, 2.7875], "texture": "#0"}
			}
		},
		{
			"from": [1, 2, -11],
			"to": [15, 16, -10],
			"rotation": {"angle": 0, "axis": "y", "origin": [0, 2, 0]},
			"faces": {
				"north": {"uv": [6.25, 7, 8, 8.75], "texture": "#0"},
				"east": {"uv": [3, 2.875, 4.75, 3], "rotation": 90, "texture": "#0"},
				"south": {"uv": [6.25, 7, 8, 8.75], "texture": "#0"},
				"west": {"uv": [3, 2.875, 4.75, 3], "rotation": 90, "texture": "#0"},
				"up": {"uv": [4.75, 3, 3, 2.875], "texture": "#0"},
				"down": {"uv": [4.75, 2.875, 3, 3], "texture": "#0"}
			}
		},
		{
			"from": [3, 4, 17],
			"to": [13, 14, 25],
			"rotation": {"angle": 0, "axis": "y", "origin": [0, 2, 0]},
			"faces": {
				"north": {"uv": [1.75, 3.5, 3, 4.75], "texture": "#0"},
				"east": {"uv": [3.25, 1, 4.5, 0], "rotation": 90, "texture": "#0"},
				"south": {"uv": [8.25, 5, 9.5, 6.25], "texture": "#0"},
				"west": {"uv": [3.25, 0, 4.5, 1], "rotation": 90, "texture": "#0"},
				"up": {"uv": [4.5, 1, 3.25, 0], "texture": "#0"},
				"down": {"uv": [4.5, 0, 3.25, 1], "texture": "#0"}
			}
		},
		{
			"from": [8, 0, 18],
			"to": [8, 18, 32],
			"rotation": {"angle": 0, "axis": "y", "origin": [0, 2, 0]},
			"faces": {
				"north": {"uv": [0, 0, 0, 2.25], "texture": "#0"},
				"east": {"uv": [0, 3.5, 1.75, 5.75], "texture": "#0"},
				"south": {"uv": [0, 0, 0, 2.25], "texture": "#0"},
				"west": {"uv": [1.75, 3.5, 0, 5.75], "texture": "#0"},
				"up": {"uv": [0, 1.75, 0, 0], "texture": "#0"},
				"down": {"uv": [0, 0, 0, 1.75], "texture": "#0"}
			}
		},
		{
			"from": [8, 0, 18],
			"to": [8, 18, 32],
			"rotation": {"angle": -45, "axis": "z", "origin": [8, 9, 25.5]},
			"faces": {
				"north": {"uv": [0, 0, 0, 2.25], "texture": "#0"},
				"east": {"uv": [0, 3.5, 1.75, 5.75], "texture": "#0"},
				"south": {"uv": [0, 0, 0, 2.25], "texture": "#0"},
				"west": {"uv": [1.75, 3.5, 0, 5.75], "texture": "#0"},
				"up": {"uv": [0, 1.75, 0, 0], "texture": "#0"},
				"down": {"uv": [0, 0, 0, 1.75], "texture": "#0"}
			}
		},
		{
			"from": [-1, 9, 18],
			"to": [17, 9, 32],
			"rotation": {"angle": 0, "axis": "y", "origin": [8, 9, 25.5]},
			"faces": {
				"north": {"uv": [0, 0, 2.25, 0], "texture": "#0"},
				"east": {"uv": [0, 0, 1.75, 0], "texture": "#0"},
				"south": {"uv": [0, 0, 2.25, 0], "texture": "#0"},
				"west": {"uv": [0, 0, 1.75, 0], "texture": "#0"},
				"up": {"uv": [1.75, 5.75, 0, 3.5], "rotation": 90, "texture": "#0"},
				"down": {"uv": [0, 5.75, 1.75, 3.5], "rotation": 90, "texture": "#0"}
			}
		},
		{
			"from": [-1, 9, 18],
			"to": [17, 9, 32],
			"rotation": {"angle": -45, "axis": "z", "origin": [8, 9, 25.5]},
			"faces": {
				"north": {"uv": [0, 0, 2.25, 0], "texture": "#0"},
				"east": {"uv": [0, 0, 1.75, 0], "texture": "#0"},
				"south": {"uv": [0, 0, 2.25, 0], "texture": "#0"},
				"west": {"uv": [0, 0, 1.75, 0], "texture": "#0"},
				"up": {"uv": [1.75, 5.75, 0, 3.5], "rotation": 90, "texture": "#0"},
				"down": {"uv": [0, 5.75, 1.75, 3.5], "rotation": 90, "texture": "#0"}
			}
		},
		{
			"from": [5, 6, 25],
			"to": [11, 12, 32],
			"rotation": {"angle": 0, "axis": "y", "origin": [0, 2, 6]},
			"faces": {
				"north": {"uv": [9.5, 7.625, 10.25, 8.375], "texture": "#0"},
				"east": {"uv": [3.5, 0.875, 4.25, 0], "rotation": 90, "texture": "#0"},
				"south": {"uv": [8.875, 9.5, 9.625, 10.25], "texture": "#0"},
				"west": {"uv": [3.375, 0, 4.125, 0.875], "rotation": 90, "texture": "#0"},
				"up": {"uv": [4.25, 0.875, 3.5, 0], "texture": "#0"},
				"down": {"uv": [4.25, 0, 3.5, 0.875], "texture": "#0"}
			}
		}
	],
	"display": {
		"ground": {
			"translation": [0, 8, 0]
		},
		"gui": {
			"rotation": [28, 135, 0]
		}
	}
}