{
	"credit": "Made with Blockbench",
	"textures": {
		"0": "flare",
		"particle": "flare"
	},
	"elements": [
		{
			"from": [7, 7, 5],
			"to": [9, 9, 11],
			"rotation": {"angle": 0, "axis": "y", "origin": [7, 7, 5]},
			"faces": {
				"north": {"uv": [4, 4, 6, 6], "texture": "#0"},
				"east": {"uv": [0, 0, 6, 2], "texture": "#0"},
				"south": {"uv": [6, 0, 8, 2], "texture": "#0"},
				"west": {"uv": [0, 2, 6, 4], "texture": "#0"},
				"up": {"uv": [2, 10, 0, 4], "texture": "#0"},
				"down": {"uv": [4, 4, 2, 10], "texture": "#0"}
			}
		}
	],
	"display": {
		"gui": {
			"rotation": [39, 136, 0],
			"scale": [2, 2, 2]
		}
	}
}