{
	"credit": "Made with Blockbench",
	"textures": {
		"0": "grenade",
		"particle": "grenade"
	},
	"elements": [
		{
			"from": [6.5, 9, 6.5],
			"to": [9.5, 13, 9.5],
			"rotation": {"angle": 0, "axis": "y", "origin": [6, 9, 7]},
			"faces": {
				"north": {"uv": [8, 0, 11, 4], "texture": "#0"},
				"east": {"uv": [8, 4, 11, 8], "texture": "#0"},
				"south": {"uv": [8, 8, 11, 12], "texture": "#0"},
				"west": {"uv": [0, 9, 3, 13], "texture": "#0"},
				"up": {"uv": [6, 12, 3, 9], "texture": "#0"},
				"down": {"uv": [14, 0, 11, 3], "texture": "#0"}
			}
		},
		{
			"from": [7, 0, 7],
			"to": [9, 9, 9],
			"rotation": {"angle": 0, "axis": "y", "origin": [7, -2, 7]},
			"faces": {
				"north": {"uv": [0, 0, 2, 9], "texture": "#0"},
				"east": {"uv": [2, 0, 4, 9], "texture": "#0"},
				"south": {"uv": [4, 0, 6, 9], "texture": "#0"},
				"west": {"uv": [6, 0, 8, 9], "texture": "#0"},
				"up": {"uv": [8, 11, 6, 9], "texture": "#0"},
				"down": {"uv": [13, 3, 11, 5], "texture": "#0"}
			}
		}
	],
	"display": {
		"thirdperson_righthand": {
			"translation": [0, 2, 2]
		},
		"thirdperson_lefthand": {
			"translation": [0, 2, 2]
		},
		"firstperson_righthand": {
			"rotation": [-20, 0, 0],
			"translation": [0, 5, 1],
			"scale": [1.21, 1.21, 1.21]
		},
		"firstperson_lefthand": {
			"rotation": [-20, 0, 0],
			"translation": [0, 5, 1],
			"scale": [1.21, 1.21, 1.21]
		},
		"ground": {
			"rotation": [90, 0, 0],
			"translation": [0, 0, 1]
		},
		"gui": {
			"rotation": [-44, 20, 48],
			"translation": [-0.75, 1, 0],
			"scale": [1.23, 1.23, 1.23]
		},
		"head": {
			"translation": [0, 14.5, 0]
		},
		"fixed": {
			"translation": [0, 2, 0]
		}
	},
	"groups": [
		{
			"name": "grenade",
			"origin": [8, 8, 8],
			"color": 0,
			"children": [0, 1]
		}
	]
}