{
	"credit": "Made with Blockbench",
	"texture_size": [64, 64],
	"textures": {
		"0": "machinegun",
		"particle": "machinegun"
	},
	"elements": [
		{
			"from": [0, 0, 0],
			"to": [16, 16, 16],
			"faces": {
				"north": {"uv": [0, 0, 4, 4], "texture": "#0"},
				"east": {"uv": [0, 4, 4, 8], "texture": "#0"},
				"south": {"uv": [4, 0, 8, 4], "texture": "#0"},
				"west": {"uv": [4, 4, 8, 8], "texture": "#0"},
				"up": {"uv": [4, 12, 0, 8], "texture": "#0"},
				"down": {"uv": [12, 0, 8, 4], "texture": "#0"}
			}
		},
		{
			"from": [4, 4, -2],
			"to": [12, 12, 0],
			"rotation": {"angle": 0, "axis": "y", "origin": [7, 7, -2]},
			"faces": {
				"north": {"uv": [4, 8, 6, 10], "texture": "#0"},
				"east": {"uv": [8, 9, 8.5, 11], "texture": "#0"},
				"south": {"uv": [8, 4, 10, 6], "texture": "#0"},
				"west": {"uv": [8.5, 9.5, 9, 11.5], "texture": "#0"},
				"up": {"uv": [11.5, 9, 9.5, 8.5], "texture": "#0"},
				"down": {"uv": [11, 9.5, 9, 10], "texture": "#0"}
			}
		},
		{
			"from": [6, 6, -13],
			"to": [10, 10, -3],
			"rotation": {"angle": -45, "axis": "z", "origin": [8, 8, -4]},
			"faces": {
				"north": {"uv": [4, 10, 5, 11], "texture": "#0"},
				"east": {"uv": [6, 8, 8.5, 9], "texture": "#0"},
				"south": {"uv": [10, 4, 11, 5], "texture": "#0"},
				"west": {"uv": [8, 6, 10.5, 7], "texture": "#0"},
				"up": {"uv": [9.5, 9.5, 8.5, 7], "texture": "#0"},
				"down": {"uv": [7, 9, 6, 11.5], "texture": "#0"}
			}
		},
		{
			"from": [6.5, 4.5, -8],
			"to": [9.5, 6.5, -3],
			"rotation": {"angle": 0, "axis": "y", "origin": [6, 4, -4]},
			"faces": {
				"north": {"uv": [10, 5.5, 10.75, 6], "texture": "#0"},
				"east": {"uv": [9.5, 9, 10.75, 9.5], "texture": "#0"},
				"south": {"uv": [9.75, 10, 10.5, 10.5], "texture": "#0"},
				"west": {"uv": [10, 5, 11.25, 5.5], "texture": "#0"},
				"up": {"uv": [5.75, 11.25, 5, 10], "texture": "#0"},
				"down": {"uv": [9.75, 10, 9, 11.25], "texture": "#0"}
			}
		},
		{
			"from": [7, 6, -16],
			"to": [9, 8, -13],
			"rotation": {"angle": 45, "axis": "z", "origin": [8, 7, -16]},
			"faces": {
				"north": {"uv": [7.5, 10.5, 8, 11], "texture": "#0"},
				"east": {"uv": [10.5, 6, 11.25, 6.5], "texture": "#0"},
				"south": {"uv": [9.75, 10.5, 10.25, 11], "texture": "#0"},
				"west": {"uv": [10.5, 6.5, 11.25, 7], "texture": "#0"},
				"up": {"uv": [8.5, 7.75, 8, 7], "texture": "#0"},
				"down": {"uv": [7.5, 10.5, 7, 11.25], "texture": "#0"}
			}
		},
		{
			"from": [6, 4, -3],
			"to": [10, 10, -2],
			"rotation": {"angle": 0, "axis": "y", "origin": [7, 4, -3]},
			"faces": {
				"north": {"uv": [7, 9, 8, 10.5], "texture": "#0"},
				"east": {"uv": [5.75, 10, 6, 11.5], "texture": "#0"},
				"south": {"uv": [9.5, 7, 10.5, 8.5], "texture": "#0"},
				"west": {"uv": [10.5, 7, 10.75, 8.5], "texture": "#0"},
				"up": {"uv": [11.5, 10.25, 10.5, 10], "texture": "#0"},
				"down": {"uv": [11.25, 10.5, 10.25, 10.75], "texture": "#0"}
			}
		}
	],
	"display": {
		"thirdperson_righthand": {
			"rotation": [19, 45, 0],
			"translation": [0, 2, -1.75],
			"scale": [0.4, 0.4, 0.4]
		},
		"thirdperson_lefthand": {
			"rotation": [19, 45, 0],
			"translation": [0, 2, -1.75],
			"scale": [0.4, 0.4, 0.4]
		},
		"firstperson_righthand": {
			"rotation": [49, 17, 0],
			"translation": [7.25, 0, 0],
			"scale": [0.64, 0.64, 0.64]
		},
		"firstperson_lefthand": {
			"rotation": [49, 17, 0],
			"translation": [7.25, 0, 0],
			"scale": [0.64, 0.64, 0.64]
		},
		"ground": {
			"translation": [0, 1.75, 0],
			"scale": [0.35, 0.35, 0.35]
		},
		"gui": {
			"rotation": [35, -135, 0],
			"translation": [-1.5, 0.75, 0],
			"scale": [0.5, 0.5, 0.5]
		}
	},
	"groups": [
		{
			"name": "base",
			"origin": [8, 8, 8],
			"color": 0,
			"children": [0]
		},
		{
			"name": "machinegun",
			"origin": [8, 8, 8],
			"color": 0,
			"children": [1, 2, 3, 4, 5]
		}
	]
}