{
	"credit": "Made with Blockbench",
	"texture_size": [64, 64],
	"textures": {
		"0": "rim-7",
		"particle": "rim-7"
	},
	"elements": [
		{
			"from": [5.5, 5.5, -12],
			"to": [10.5, 10.5, 32],
			"rotation": {"angle": 0, "axis": "y", "origin": [7, 7, 0]},
			"faces": {
				"north": {"uv": [9.75, 9.5, 11, 10.75], "texture": "#0"},
				"east": {"uv": [0, 0, 11, 1.25], "texture": "#0"},
				"south": {"uv": [2.5, 10, 3.75, 11.25], "texture": "#0"},
				"west": {"uv": [0, 1.25, 11, 2.5], "texture": "#0"},
				"up": {"uv": [1.25, 13.5, 0, 2.5], "texture": "#0"},
				"down": {"uv": [2.5, 2.5, 1.25, 13.5], "texture": "#0"}
			}
		},
		{
			"from": [8, 0, 23],
			"to": [8, 16, 32],
			"rotation": {"angle": -45, "axis": "z", "origin": [8, 8, 30]},
			"faces": {
				"north": {"uv": [0, 0, 0, 4], "texture": "#0"},
				"east": {"uv": [7.5, 5, 9.75, 9], "texture": "#0"},
				"south": {"uv": [0, 0, 0, 4], "texture": "#0"},
				"west": {"uv": [7.5, 9, 9.75, 13], "texture": "#0"},
				"up": {"uv": [0, 2.25, 0, 0], "texture": "#0"},
				"down": {"uv": [0, 0, 0, 2.25], "texture": "#0"}
			}
		},
		{
			"from": [0, 8, 23],
			"to": [16, 8, 32],
			"rotation": {"angle": -45, "axis": "z", "origin": [8, 8, 30]},
			"faces": {
				"north": {"uv": [0, 0, 4, 0], "texture": "#0"},
				"east": {"uv": [0, 0, 2.25, 0], "texture": "#0"},
				"south": {"uv": [0, 0, 4, 0], "texture": "#0"},
				"west": {"uv": [0, 0, 2.25, 0], "texture": "#0"},
				"up": {"uv": [13.75, 7.25, 9.75, 5], "texture": "#0"},
				"down": {"uv": [13.75, 7.25, 9.75, 9.5], "texture": "#0"}
			}
		},
		{
			"from": [-2, 8, 0],
			"to": [18, 8, 10],
			"rotation": {"angle": 45, "axis": "z", "origin": [8, 8, 1]},
			"faces": {
				"north": {"uv": [0, 0, 5, 0], "texture": "#0"},
				"east": {"uv": [0, 0, 2.5, 0], "texture": "#0"},
				"south": {"uv": [0, 0, 5, 0], "texture": "#0"},
				"west": {"uv": [0, 0, 2.5, 0], "texture": "#0"},
				"up": {"uv": [7.5, 5, 2.5, 2.5], "texture": "#0"},
				"down": {"uv": [7.5, 5, 2.5, 7.5], "texture": "#0"}
			}
		},
		{
			"from": [-2, 8, 0],
			"to": [18, 8, 10],
			"rotation": {"angle": -45, "axis": "z", "origin": [8, 8, 1]},
			"faces": {
				"north": {"uv": [0, 0, 5, 0], "texture": "#0"},
				"east": {"uv": [0, 0, 2.5, 0], "texture": "#0"},
				"south": {"uv": [0, 0, 5, 0], "texture": "#0"},
				"west": {"uv": [0, 0, 2.5, 0], "texture": "#0"},
				"up": {"uv": [7.5, 10, 2.5, 7.5], "texture": "#0"},
				"down": {"uv": [12.5, 2.5, 7.5, 5], "texture": "#0"}
			}
		},
		{
			"from": [6, 6, -15],
			"to": [10, 10, -12],
			"rotation": {"angle": 0, "axis": "y", "origin": [7, 7, -14]},
			"faces": {
				"north": {"uv": [3.75, 10, 4.75, 11], "texture": "#0"},
				"east": {"uv": [5.75, 10, 6.5, 11], "texture": "#0"},
				"south": {"uv": [4.75, 10, 5.75, 11], "texture": "#0"},
				"west": {"uv": [6.5, 10, 7.25, 11], "texture": "#0"},
				"up": {"uv": [10.75, 11.5, 9.75, 10.75], "texture": "#0"},
				"down": {"uv": [11.75, 10.75, 10.75, 11.5], "texture": "#0"}
			}
		}
	],
	"display": {
		"thirdperson_righthand": {
			"rotation": [99, 0, 0],
			"translation": [0.25, 3.75, 0.75],
			"scale": [0.64, 0.64, 0.64]
		},
		"thirdperson_lefthand": {
			"rotation": [99, 0, 0],
			"translation": [0.25, 3.75, 0.75],
			"scale": [0.64, 0.64, 0.64]
		},
		"firstperson_righthand": {
			"rotation": [55, 0, 48],
			"translation": [5, 0, 0]
		},
		"firstperson_lefthand": {
			"rotation": [55, 0, 48],
			"translation": [5, 0, 0]
		},
		"ground": {
			"translation": [0, 4.75, 0],
			"scale": [0.64, 0.64, 0.64]
		},
		"gui": {
			"rotation": [19, -152, 15],
			"translation": [1.25, -1, 0],
			"scale": [0.64, 0.64, 0.64]
		},
		"head": {
			"rotation": [90, 0, 0],
			"translation": [0, 29.75, 0]
		}
	}
}