{
	"credit": "Made with Blockbench",
	"texture_size": [64, 64],
	"textures": {
		"0": "rocket_boxempty",
		"particle": "rocket_boxempty"
	},
	"elements": [
		{
			"from": [3, 1, -4],
			"to": [13, 11, 18],
			"rotation": {"angle": 0, "axis": "y", "origin": [8, 6, -1]},
			"faces": {
				"north": {"uv": [5, 5, 7.5, 7.5], "texture": "#0"},
				"east": {"uv": [0, 0, 5.5, 2.5], "texture": "#0"},
				"south": {"uv": [5.5, 0, 8, 2.5], "texture": "#0"},
				"west": {"uv": [0, 2.5, 5.5, 5], "texture": "#0"},
				"up": {"uv": [2.5, 10.5, 0, 5], "texture": "#0"},
				"down": {"uv": [5, 5, 2.5, 10.5], "texture": "#0"}
			}
		},
		{
			"from": [5, 12, 2],
			"to": [11, 16, 16],
			"rotation": {"angle": 0, "axis": "y", "origin": [7, 13, 0]},
			"faces": {
				"north": {"uv": [5.5, 2.5, 7, 3.5], "texture": "#0"},
				"east": {"uv": [7.5, 6, 11, 7], "texture": "#0"},
				"south": {"uv": [5.5, 3.5, 7, 4.5], "texture": "#0"},
				"west": {"uv": [6.5, 7.5, 10, 8.5], "texture": "#0"},
				"up": {"uv": [9, 6, 7.5, 2.5], "texture": "#0"},
				"down": {"uv": [6.5, 7.5, 5, 11], "texture": "#0"}
			}
		},
		{
			"from": [6, 12, 0],
			"to": [10, 16, 2],
			"rotation": {"angle": 0, "axis": "y", "origin": [7, 13, 0]},
			"faces": {
				"north": {"uv": [8, 0, 9, 1], "texture": "#0"},
				"east": {"uv": [7, 2.5, 7.5, 3.5], "texture": "#0"},
				"south": {"uv": [8, 1, 9, 2], "texture": "#0"},
				"west": {"uv": [7, 3.5, 7.5, 4.5], "texture": "#0"},
				"up": {"uv": [6.5, 5, 5.5, 4.5], "texture": "#0"},
				"down": {"uv": [7.5, 4.5, 6.5, 5], "texture": "#0"}
			}
		},
		{
			"from": [2, 12, 3],
			"to": [14, 13, 3],
			"rotation": {"angle": 0, "axis": "y", "origin": [3, 12, 2]},
			"faces": {
				"north": {"uv": [7.5, 7, 10.5, 7.25], "texture": "#0"},
				"east": {"uv": [0, 0, 0, 0.25], "texture": "#0"},
				"south": {"uv": [7.5, 7.25, 10.5, 7.5], "texture": "#0"},
				"west": {"uv": [0, 0, 0, 0.25], "texture": "#0"},
				"up": {"uv": [3, 0, 0, 0], "texture": "#0"},
				"down": {"uv": [3, 0, 0, 0], "texture": "#0"}
			}
		},
		{
			"from": [2, 12, 13],
			"to": [14, 13, 13],
			"rotation": {"angle": 0, "axis": "y", "origin": [3, 12, 12]},
			"faces": {
				"north": {"uv": [8, 2, 11, 2.25], "texture": "#0"},
				"east": {"uv": [0, 0, 0, 0.25], "texture": "#0"},
				"south": {"uv": [8, 2.25, 11, 2.5], "texture": "#0"},
				"west": {"uv": [0, 0, 0, 0.25], "texture": "#0"},
				"up": {"uv": [3, 0, 0, 0], "texture": "#0"},
				"down": {"uv": [3, 0, 0, 0], "texture": "#0"}
			}
		},
		{
			"from": [4, 10, 2.5],
			"to": [5, 14, 3.5],
			"rotation": {"angle": 22.5, "axis": "z", "origin": [5, 10, 2]},
			"faces": {
				"north": {"uv": [9, 0, 9.25, 1], "texture": "#0"},
				"east": {"uv": [9, 1, 9.25, 2], "texture": "#0"},
				"south": {"uv": [9, 2.5, 9.25, 3.5], "texture": "#0"},
				"west": {"uv": [9, 3.5, 9.25, 4.5], "texture": "#0"},
				"up": {"uv": [9.75, 2.75, 9.5, 2.5], "texture": "#0"},
				"down": {"uv": [9.75, 2.75, 9.5, 3], "texture": "#0"}
			}
		},
		{
			"from": [4, 10, 12.5],
			"to": [5, 14, 13.5],
			"rotation": {"angle": 22.5, "axis": "z", "origin": [5, 10, 12]},
			"faces": {
				"north": {"uv": [9, 4.5, 9.25, 5.5], "texture": "#0"},
				"east": {"uv": [8.5, 9, 8.75, 10], "texture": "#0"},
				"south": {"uv": [8.75, 9, 9, 10], "texture": "#0"},
				"west": {"uv": [9, 9, 9.25, 10], "texture": "#0"},
				"up": {"uv": [9.75, 3.25, 9.5, 3], "texture": "#0"},
				"down": {"uv": [9.75, 3.25, 9.5, 3.5], "texture": "#0"}
			}
		},
		{
			"from": [11, 10, 2.5],
			"to": [12, 14, 3.5],
			"rotation": {"angle": -22.5, "axis": "z", "origin": [11, 10, 2]},
			"faces": {
				"north": {"uv": [9.25, 0, 9.5, 1], "texture": "#0"},
				"east": {"uv": [9.25, 1, 9.5, 2], "texture": "#0"},
				"south": {"uv": [9.25, 2.5, 9.5, 3.5], "texture": "#0"},
				"west": {"uv": [9.25, 3.5, 9.5, 4.5], "texture": "#0"},
				"up": {"uv": [9.75, 3.75, 9.5, 3.5], "texture": "#0"},
				"down": {"uv": [9.75, 3.75, 9.5, 4], "texture": "#0"}
			}
		},
		{
			"from": [11, 10, 12.5],
			"to": [12, 14, 13.5],
			"rotation": {"angle": -22.5, "axis": "z", "origin": [11, 10, 12]},
			"faces": {
				"north": {"uv": [9.25, 4.5, 9.5, 5.5], "texture": "#0"},
				"east": {"uv": [9.25, 9, 9.5, 10], "texture": "#0"},
				"south": {"uv": [9.5, 0, 9.75, 1], "texture": "#0"},
				"west": {"uv": [9.5, 1, 9.75, 2], "texture": "#0"},
				"up": {"uv": [9.75, 4.25, 9.5, 4], "texture": "#0"},
				"down": {"uv": [9.75, 4.25, 9.5, 4.5], "texture": "#0"}
			}
		},
		{
			"from": [6, 11, 4],
			"to": [10, 12, 15],
			"rotation": {"angle": 0, "axis": "y", "origin": [8, 11, 4]},
			"faces": {
				"north": {"uv": [9, 5.5, 10, 5.75], "texture": "#0"},
				"east": {"uv": [8.5, 8.5, 11.25, 8.75], "texture": "#0"},
				"south": {"uv": [9, 5.75, 10, 6], "texture": "#0"},
				"west": {"uv": [8.5, 8.75, 11.25, 9], "texture": "#0"},
				"up": {"uv": [7.5, 11.25, 6.5, 8.5], "texture": "#0"},
				"down": {"uv": [8.5, 8.5, 7.5, 11.25], "texture": "#0"}
			}
		}
	],
	"display": {
		"thirdperson_righthand": {
			"rotation": [90, 0, 0],
			"translation": [0, 0, -3],
			"scale": [0.64, 0.64, 0.64]
		},
		"thirdperson_lefthand": {
			"rotation": [90, 0, 0],
			"translation": [0, 0, -3],
			"scale": [0.64, 0.64, 0.64]
		},
		"firstperson_righthand": {
			"rotation": [47, 0, 0],
			"translation": [6.5, 0, 0]
		},
		"firstperson_lefthand": {
			"rotation": [47, 0, 0],
			"translation": [6.5, 0, 0]
		},
		"ground": {
			"translation": [0, 2.75, 0],
			"scale": [0.64, 0.64, 0.64]
		},
		"gui": {
			"rotation": [25, 156, 0],
			"translation": [0.25, 0.25, 0],
			"scale": [0.64, 0.64, 0.64]
		},
		"head": {
			"rotation": [0, 0, 180],
			"translation": [0, 14, 0]
		}
	}
}