{
	"credit": "Made with Blockbench",
	"texture_size": [64, 64],
	"textures": {
		"1": "spear3"
	},
	"elements": [
		{
			"from": [5.5, 9.5, -7],
			"to": [10.5, 14.5, 23],
			"rotation": {"angle": 45, "axis": "z", "origin": [8, 12, 0]},
			"faces": {
				"north": {"uv": [7.5, 0, 8.75, 1.25], "texture": "#1"},
				"east": {"uv": [0, 0, 7.5, 1.25], "texture": "#1"},
				"south": {"uv": [7.5, 1.25, 8.75, 2.5], "texture": "#1"},
				"west": {"uv": [0, 1.25, 7.5, 2.5], "texture": "#1"},
				"up": {"uv": [1.25, 10, 0, 2.5], "texture": "#1"},
				"down": {"uv": [2.5, 2.5, 1.25, 10], "texture": "#1"}
			}
		},
		{
			"from": [6, 13, -2],
			"to": [10, 16, 22],
			"rotation": {"angle": 0, "axis": "y", "origin": [7, 14, 0]},
			"faces": {
				"north": {"uv": [4.5, 9, 5.5, 9.75], "texture": "#1"},
				"east": {"uv": [4.5, 2.5, 10.5, 3.25], "texture": "#1"},
				"south": {"uv": [5.5, 9, 6.5, 9.75], "texture": "#1"},
				"west": {"uv": [4.5, 3.25, 10.5, 4], "texture": "#1"},
				"up": {"uv": [3.5, 8.5, 2.5, 2.5], "texture": "#1"},
				"down": {"uv": [4.5, 2.5, 3.5, 8.5], "texture": "#1"}
			}
		},
		{
			"from": [-10, 15, 5],
			"to": [6, 15, 9],
			"rotation": {"angle": 22.5, "axis": "y", "origin": [6, 15, 5]},
			"faces": {
				"north": {"uv": [0, 0, 4, 0], "texture": "#1"},
				"east": {"uv": [0, 0, 1, 0], "texture": "#1"},
				"south": {"uv": [0, 0, 4, 0], "texture": "#1"},
				"west": {"uv": [0, 0, 1, 0], "texture": "#1"},
				"up": {"uv": [8.5, 5, 4.5, 4], "texture": "#1"},
				"down": {"uv": [8.5, 5, 4.5, 6], "texture": "#1"}
			}
		},
		{
			"from": [10, 15, 5],
			"to": [26, 15, 9],
			"rotation": {"angle": -22.5, "axis": "y", "origin": [10, 15, 5]},
			"faces": {
				"north": {"uv": [0, 0, 4, 0], "texture": "#1"},
				"east": {"uv": [0, 0, 1, 0], "texture": "#1"},
				"south": {"uv": [0, 0, 4, 0], "texture": "#1"},
				"west": {"uv": [0, 0, 1, 0], "texture": "#1"},
				"up": {"uv": [8.5, 7, 4.5, 6], "texture": "#1"},
				"down": {"uv": [8.5, 7, 4.5, 8], "texture": "#1"}
			}
		},
		{
			"from": [6, 10, 23],
			"to": [10, 14, 27],
			"rotation": {"angle": -45, "axis": "z", "origin": [8, 12, 27]},
			"faces": {
				"north": {"uv": [4.5, 8, 5.5, 9], "texture": "#1"},
				"east": {"uv": [5.5, 8, 6.5, 9], "texture": "#1"},
				"south": {"uv": [6.5, 8, 7.5, 9], "texture": "#1"},
				"west": {"uv": [7.5, 8, 8.5, 9], "texture": "#1"},
				"up": {"uv": [3.5, 9.5, 2.5, 8.5], "texture": "#1"},
				"down": {"uv": [4.5, 8.5, 3.5, 9.5], "texture": "#1"}
			}
		},
		{
			"from": [8, 14, 24],
			"to": [8, 19, 27],
			"rotation": {"angle": 0, "axis": "y", "origin": [8, 14, 24]},
			"faces": {
				"north": {"uv": [0, 0, 0, 1.25], "texture": "#1"},
				"east": {"uv": [8.5, 6, 9.25, 7.25], "texture": "#1"},
				"south": {"uv": [0, 0, 0, 1.25], "texture": "#1"},
				"west": {"uv": [8.5, 7.25, 9.25, 8.5], "texture": "#1"},
				"up": {"uv": [0, 0.75, 0, 0], "texture": "#1"},
				"down": {"uv": [0, 0, 0, 0.75], "texture": "#1"}
			}
		},
		{
			"from": [9, 11, 24],
			"to": [14, 11, 27],
			"rotation": {"angle": -22.5, "axis": "z", "origin": [9, 11, 24]},
			"faces": {
				"north": {"uv": [0, 0, 1.25, 0], "texture": "#1"},
				"east": {"uv": [0, 0, 0.75, 0], "texture": "#1"},
				"south": {"uv": [0, 0, 1.25, 0], "texture": "#1"},
				"west": {"uv": [0, 0, 0.75, 0], "texture": "#1"},
				"up": {"uv": [9.75, 9.25, 8.5, 8.5], "texture": "#1"},
				"down": {"uv": [10, 0, 8.75, 0.75], "texture": "#1"}
			}
		},
		{
			"from": [2, 11, 24],
			"to": [7, 11, 27],
			"rotation": {"angle": 22.5, "axis": "z", "origin": [7, 11, 24]},
			"faces": {
				"north": {"uv": [0, 0, 1.25, 0], "texture": "#1"},
				"east": {"uv": [0, 0, 0.75, 0], "texture": "#1"},
				"south": {"uv": [0, 0, 1.25, 0], "texture": "#1"},
				"west": {"uv": [0, 0, 0.75, 0], "texture": "#1"},
				"up": {"uv": [10, 1.5, 8.75, 0.75], "texture": "#1"},
				"down": {"uv": [10, 1.5, 8.75, 2.25], "texture": "#1"}
			}
		},
		{
			"from": [6, 10, -9],
			"to": [10, 14, -7],
			"rotation": {"angle": 45, "axis": "z", "origin": [8, 12, -9]},
			"faces": {
				"north": {"uv": [8.5, 4, 9.5, 5], "texture": "#1"},
				"east": {"uv": [6.5, 9, 7, 10], "texture": "#1"},
				"south": {"uv": [8.5, 5, 9.5, 6], "texture": "#1"},
				"west": {"uv": [7, 9, 7.5, 10], "texture": "#1"},
				"up": {"uv": [8.5, 9.5, 7.5, 9], "texture": "#1"},
				"down": {"uv": [10.25, 6, 9.25, 6.5], "texture": "#1"}
			}
		}
	],
	"display": {
		"thirdperson_righthand": {
			"translation": [0, -1.5, 2.25],
			"scale": [0.64, 0.64, 0.64]
		},
		"thirdperson_lefthand": {
			"translation": [0, -1.75, 2.25],
			"scale": [0.64, 0.64, 0.64]
		},
		"firstperson_righthand": {
			"rotation": [0, 0, 40],
			"translation": [6, 0, 0]
		},
		"firstperson_lefthand": {
			"rotation": [0, 0, 40],
			"translation": [6, 0, 0]
		},
		"ground": {
			"scale": [0.64, 0.64, 0.64]
		},
		"gui": {
			"rotation": [25, -142, 0],
			"translation": [1, -4.25, 0],
			"scale": [0.64, 0.64, 0.64]
		},
		"head": {
			"translation": [0, 3.5, 0]
		}
	}
}