{
  "parent": "block/cube",
  "textures": {
    "down": "create_the_air_wars:block/deepslate_sulfur_ore",
    "up": "create_the_air_wars:block/deepslate_sulfur_ore",
    "north": "create_the_air_wars:block/deepslate_sulfur_ore",
    "east": "create_the_air_wars:block/deepslate_sulfur_ore",
    "south": "create_the_air_wars:block/deepslate_sulfur_ore",
    "west": "create_the_air_wars:block/deepslate_sulfur_ore",
    "particle": "create_the_air_wars:block/deepslate_sulfur_ore"
  },
  "render_type": "solid"
}