{
	"format_version": "1.8.0",
	"animations": {
		"1": {
			"animation_length": 1,
			"bones": {
				"minigun": {
					"rotation": {
						"0.0": {
							"vector": [0, 0, 0],
							"easing": "linear"
						},
						"1.0": {
							"vector": [0, 0, 360],
							"easing": "easeInQuad"
						}
					}
				}
			}
		},
		"2": {
			"loop": true,
			"animation_length": 0.5,
			"bones": {
				"minigun": {
					"rotation": {
						"0.0": {
							"vector": [0, 0, 0],
							"easing": "linear"
						},
						"0.5": {
							"vector": [0, 0, 360],
							"easing": "linear"
						}
					}
				}
			}
		},
		"3": {
			"animation_length": 1,
			"bones": {
				"minigun": {
					"rotation": {
						"0.0": {
							"vector": [0, 0, 0],
							"easing": "linear"
						},
						"1.0": {
							"vector": [0, 0, 360],
							"easing": "easeOutQuad"
						}
					}
				}
			}
		}
	},
	"geckolib_format_version": 2
}