{
	"format_version": "1.12.0",
	"minecraft:geometry": [
		{
			"description": {
				"identifier": "geometry.unknown",
				"texture_width": 16,
				"texture_height": 16,
				"visible_bounds_width": 5,
				"visible_bounds_height": 2.5,
				"visible_bounds_offset": [0, 0.75, 0]
			},
			"bones": [
				{
					"name": "bone",
					"pivot": [0, 0, 6],
					"cubes": [
						{
							"origin": [-15, 0, -7],
							"size": [14, 14, 24],
							"uv": {
								"north": {"uv": [6.25, 7], "uv_size": [1.75, 1.75]},
								"east": {"uv": [3, 3], "uv_size": [1.75, -3], "uv_rotation": 90},
								"south": {"uv": [6.25, 7], "uv_size": [1.75, 1.75]},
								"west": {"uv": [3, 0], "uv_size": [1.75, 3], "uv_rotation": 90},
								"up": {"uv": [3, 0], "uv_size": [1.75, 3]},
								"down": {"uv": [3, 3], "uv_size": [1.75, -3]}
							}
						},
						{
							"origin": [-15, 0, 25],
							"size": [14, 14, 7],
							"uv": {
								"east": {"uv": [3, 1], "uv_size": [1.75, 0.875], "uv_rotation": 90},
								"west": {"uv": [3, 1], "uv_size": [1.75, 0.875], "uv_rotation": 90},
								"up": {"uv": [3, 1], "uv_size": [1.75, 0.875]},
								"down": {"uv": [3, 1.875], "uv_size": [1.75, -0.875]}
							}
						},
						{
							"origin": [-13, 2, -14],
							"size": [10, 10, 7],
							"uv": {
								"north": {"uv": [6.5, 7.25], "uv_size": [1.25, 1.25]},
								"east": {"uv": [3.25, 0], "uv_size": [1.25, 0.875], "uv_rotation": 90},
								"south": {"uv": [4.75, 8.5], "uv_size": [1.25, 1.25]},
								"west": {"uv": [3.25, 0.875], "uv_size": [1.25, -0.875], "uv_rotation": 90},
								"up": {"uv": [3.1375, 0.875], "uv_size": [1.25, -0.875]},
								"down": {"uv": [3.25, 0], "uv_size": [1.25, 0.875]}
							}
						},
						{
							"origin": [-11, 4, -16],
							"size": [6, 6, 2],
							"uv": {
								"north": {"uv": [9.625, 0], "uv_size": [0.75, 0.75]},
								"east": {"uv": [4.5, 6], "uv_size": [0.25, 0.75]},
								"south": {"uv": [9.625, 0.75], "uv_size": [0.75, 0.75]},
								"west": {"uv": [9.125, 6.25], "uv_size": [0.25, 0.75]},
								"up": {"uv": [2.25, 5.75], "uv_size": [0.75, 0.25]},
								"down": {"uv": [9.75, 3.875], "uv_size": [0.75, -0.25]}
							}
						},
						{
							"origin": [-14, 1, -10],
							"size": [12, 12, 2],
							"uv": {
								"north": {"uv": [8, 7], "uv_size": [1.5, 1.5]},
								"east": {"uv": [3.125, 2.5], "uv_size": [1.5, 0.25], "uv_rotation": 90},
								"south": {"uv": [8.25, 3.5], "uv_size": [1.5, 1.5]},
								"west": {"uv": [3.05, 2.5125], "uv_size": [1.5, 0.25], "uv_rotation": 90},
								"up": {"uv": [3.125, 2.75], "uv_size": [1.5, -0.25]},
								"down": {"uv": [3.0625, 2.7875], "uv_size": [1.5, -0.25]}
							}
						},
						{
							"origin": [-15, 0, -11],
							"size": [14, 14, 1],
							"uv": {
								"north": {"uv": [6.25, 7], "uv_size": [1.75, 1.75]},
								"east": {"uv": [3, 2.875], "uv_size": [1.75, 0.125], "uv_rotation": 90},
								"south": {"uv": [6.25, 7], "uv_size": [1.75, 1.75]},
								"west": {"uv": [3, 2.875], "uv_size": [1.75, 0.125], "uv_rotation": 90},
								"up": {"uv": [3, 2.875], "uv_size": [1.75, 0.125]},
								"down": {"uv": [3, 3], "uv_size": [1.75, -0.125]}
							}
						},
						{
							"origin": [-13, 2, 17],
							"size": [10, 10, 8],
							"uv": {
								"north": {"uv": [1.75, 3.5], "uv_size": [1.25, 1.25]},
								"east": {"uv": [3.25, 1], "uv_size": [1.25, -1], "uv_rotation": 90},
								"south": {"uv": [8.25, 5], "uv_size": [1.25, 1.25]},
								"west": {"uv": [3.25, 0], "uv_size": [1.25, 1], "uv_rotation": 90},
								"up": {"uv": [3.25, 0], "uv_size": [1.25, 1]},
								"down": {"uv": [3.25, 1], "uv_size": [1.25, -1]}
							}
						},
						{
							"origin": [-8, -2, 18],
							"size": [0, 18, 14],
							"uv": {
								"north": {"uv": [0, 0], "uv_size": [0, 2.25]},
								"east": {"uv": [0, 3.5], "uv_size": [1.75, 2.25]},
								"south": {"uv": [0, 0], "uv_size": [0, 2.25]},
								"west": {"uv": [1.75, 3.5], "uv_size": [-1.75, 2.25]},
								"up": {"uv": [0, 0], "uv_size": [0, 1.75]},
								"down": {"uv": [0, 1.75], "uv_size": [0, -1.75]}
							}
						},
						{
							"origin": [-8, -2, 18],
							"size": [0, 18, 14],
							"pivot": [-8, 7, 25.5],
							"rotation": [0, 0, -45],
							"uv": {
								"north": {"uv": [0, 0], "uv_size": [0, 2.25]},
								"east": {"uv": [0, 3.5], "uv_size": [1.75, 2.25]},
								"south": {"uv": [0, 0], "uv_size": [0, 2.25]},
								"west": {"uv": [1.75, 3.5], "uv_size": [-1.75, 2.25]},
								"up": {"uv": [0, 0], "uv_size": [0, 1.75]},
								"down": {"uv": [0, 1.75], "uv_size": [0, -1.75]}
							}
						},
						{
							"origin": [-17, 7, 18],
							"size": [18, 0, 14],
							"uv": {
								"north": {"uv": [0, 0], "uv_size": [2.25, 0]},
								"east": {"uv": [0, 0], "uv_size": [1.75, 0]},
								"south": {"uv": [0, 0], "uv_size": [2.25, 0]},
								"west": {"uv": [0, 0], "uv_size": [1.75, 0]},
								"up": {"uv": [0, 3.5], "uv_size": [1.75, 2.25], "uv_rotation": 90},
								"down": {"uv": [1.75, 3.5], "uv_size": [-1.75, 2.25], "uv_rotation": 90}
							}
						},
						{
							"origin": [-17, 7, 18],
							"size": [18, 0, 14],
							"pivot": [-8, 7, 25.5],
							"rotation": [0, 0, -45],
							"uv": {
								"north": {"uv": [0, 0], "uv_size": [2.25, 0]},
								"east": {"uv": [0, 0], "uv_size": [1.75, 0]},
								"south": {"uv": [0, 0], "uv_size": [2.25, 0]},
								"west": {"uv": [0, 0], "uv_size": [1.75, 0]},
								"up": {"uv": [0, 3.5], "uv_size": [1.75, 2.25], "uv_rotation": 90},
								"down": {"uv": [1.75, 3.5], "uv_size": [-1.75, 2.25], "uv_rotation": 90}
							}
						},
						{
							"origin": [-11, 4, 25],
							"size": [6, 6, 7],
							"uv": {
								"north": {"uv": [9.5, 7.625], "uv_size": [0.75, 0.75]},
								"east": {"uv": [3.5, 0.875], "uv_size": [0.75, -0.875], "uv_rotation": 90},
								"south": {"uv": [8.875, 9.5], "uv_size": [0.75, 0.75]},
								"west": {"uv": [3.375, 0], "uv_size": [0.75, 0.875], "uv_rotation": 90},
								"up": {"uv": [3.5, 0], "uv_size": [0.75, 0.875]},
								"down": {"uv": [3.5, 0.875], "uv_size": [0.75, -0.875]}
							}
						}
					]
				}
			]
		}
	]
}