{
	"format_version": "1.12.0",
	"minecraft:geometry": [
		{
			"description": {
				"identifier": "geometry.unknown",
				"texture_width": 16,
				"texture_height": 16,
				"visible_bounds_width": 2,
				"visible_bounds_height": 3.5,
				"visible_bounds_offset": [0, 1.25, 0]
			},
			"bones": [
				{
					"name": "base",
					"pivot": [0, 8, 0],
					"cubes": [
						{
							"origin": [-8, 0, -8],
							"size": [16, 16, 16],
							"uv": {
								"north": {"uv": [0, 0], "uv_size": [4, 4]},
								"east": {"uv": [0, 4], "uv_size": [4, 4]},
								"south": {"uv": [4, 0], "uv_size": [4, 4]},
								"west": {"uv": [4, 4], "uv_size": [4, 4]},
								"up": {"uv": [0, 8], "uv_size": [4, 4]},
								"down": {"uv": [8, 4], "uv_size": [4, -4]}
							}
						}
					]
				},
				{
					"name": "minigun",
					"pivot": [0, 8, -16.21429],
					"cubes": [
						{
							"origin": [-4.5, 3.5, -11],
							"size": [9, 9, 3],
							"uv": {
								"north": {"uv": [4, 8], "uv_size": [2.25, 2.25]},
								"east": {"uv": [11.25, 11.5], "uv_size": [0.75, 2.25]},
								"south": {"uv": [8, 4], "uv_size": [2.25, 2.25]},
								"west": {"uv": [0, 12], "uv_size": [0.75, 2.25]},
								"up": {"uv": [11, 9.25], "uv_size": [2.25, 0.75]},
								"down": {"uv": [11, 10.75], "uv_size": [2.25, -0.75]}
							}
						},
						{
							"origin": [0.5, 4.5, -24],
							"size": [3, 3, 15],
							"uv": {
								"north": {"uv": [12, 11.25], "uv_size": [0.75, 0.75]},
								"east": {"uv": [10.25, 4], "uv_size": [3.75, 0.75]},
								"south": {"uv": [12, 12], "uv_size": [0.75, 0.75]},
								"west": {"uv": [10.25, 4.75], "uv_size": [3.75, 0.75]},
								"up": {"uv": [4, 10.25], "uv_size": [0.75, 3.75]},
								"down": {"uv": [4.75, 14], "uv_size": [0.75, -3.75]}
							}
						},
						{
							"origin": [-3.5, 4.5, -24],
							"size": [3, 3, 15],
							"uv": {
								"north": {"uv": [12.5, 0], "uv_size": [0.75, 0.75]},
								"east": {"uv": [10.25, 5.5], "uv_size": [3.75, 0.75]},
								"south": {"uv": [12.5, 0.75], "uv_size": [0.75, 0.75]},
								"west": {"uv": [10.25, 6.25], "uv_size": [3.75, 0.75]},
								"up": {"uv": [5.5, 10.25], "uv_size": [0.75, 3.75]},
								"down": {"uv": [10.25, 10.75], "uv_size": [0.75, -3.75]}
							}
						},
						{
							"origin": [-3.5, 8.5, -24],
							"size": [3, 3, 15],
							"uv": {
								"north": {"uv": [1.25, 12.5], "uv_size": [0.75, 0.75]},
								"east": {"uv": [8.25, 10.75], "uv_size": [3.75, 0.75]},
								"south": {"uv": [12.5, 1.5], "uv_size": [0.75, 0.75]},
								"west": {"uv": [11, 7], "uv_size": [3.75, 0.75]},
								"up": {"uv": [8.25, 11.5], "uv_size": [0.75, 3.75]},
								"down": {"uv": [9, 15.25], "uv_size": [0.75, -3.75]}
							}
						},
						{
							"origin": [0.5, 8.5, -24],
							"size": [3, 3, 15],
							"uv": {
								"north": {"uv": [2, 12.5], "uv_size": [0.75, 0.75]},
								"east": {"uv": [11, 7.75], "uv_size": [3.75, 0.75]},
								"south": {"uv": [12.5, 2.25], "uv_size": [0.75, 0.75]},
								"west": {"uv": [11, 8.5], "uv_size": [3.75, 0.75]},
								"up": {"uv": [9.75, 11.5], "uv_size": [0.75, 3.75]},
								"down": {"uv": [10.5, 15.25], "uv_size": [0.75, -3.75]}
							}
						},
						{
							"origin": [-4, 4, -23],
							"size": [8, 8, 2],
							"uv": {
								"north": {"uv": [6.25, 8], "uv_size": [2, 2]},
								"east": {"uv": [12, 0], "uv_size": [0.5, 2]},
								"south": {"uv": [8.25, 6.25], "uv_size": [2, 2]},
								"west": {"uv": [0.75, 12], "uv_size": [0.5, 2]},
								"up": {"uv": [8.25, 10.25], "uv_size": [2, 0.5]},
								"down": {"uv": [1.25, 12.5], "uv_size": [2, -0.5]}
							}
						},
						{
							"origin": [-4, 4, -17],
							"size": [8, 8, 2],
							"uv": {
								"north": {"uv": [8.25, 8.25], "uv_size": [2, 2]},
								"east": {"uv": [12, 2], "uv_size": [0.5, 2]},
								"south": {"uv": [6.25, 10], "uv_size": [2, 2]},
								"west": {"uv": [3.25, 12], "uv_size": [0.5, 2]},
								"up": {"uv": [6.25, 12], "uv_size": [2, 0.5]},
								"down": {"uv": [12, 11.25], "uv_size": [2, -0.5]}
							}
						}
					]
				}
			]
		}
	]
}