{
  "_fv": 73,
  "_type": "recipe",
  "definition": {
    "recipeType": "Crafting",
    "recipeRetstackSize": 1,
    "group": "",
    "cookingBookCategory": "MISC",
    "xpReward": 0.0,
    "cookingTime": 200,
    "craftingBookCategory": "MISC",
    "recipeShapeless": false,
    "recipeSlots": [
      {
        "value": "CUSTOM:PieceofMirror"
      },
      {
        "value": "CUSTOM:Wires"
      },
      {
        "value": "CUSTOM:PieceofMirror"
      },
      {
        "value": "CUSTOM:Titaniumsheet"
      },
      {
        "value": "CUSTOM:Titaniumingot"
      },
      {
        "value": "CUSTOM:Titaniumsheet"
      },
      {
        "value": "CUSTOM:PieceofMirror"
      },
      {
        "value": "CUSTOM:Wires"
      },
      {
        "value": "CUSTOM:PieceofMirror"
      }
    ],
    "recipeReturnStack": {
      "value": "CUSTOM:Ampilifier"
    },
    "name": "amplifier",
    "namespace": "mod"
  }
}