{
  "_fv": 73,
  "_type": "block",
  "definition": {
    "texture": "c-25",
    "textureTop": "",
    "textureLeft": "",
    "textureFront": "",
    "textureRight": "",
    "textureBack": "",
    "renderType": 2,
    "customModelName": "c-25active:default",
    "rotationMode": 1,
    "enablePitch": false,
    "emissiveRendering": false,
    "displayFluidOverlay": false,
    "itemTexture": "",
    "particleTexture": "",
    "tintType": "No tint",
    "isItemTinted": false,
    "hasTransparency": true,
    "connectedSides": false,
    "transparencyType": "CUTOUT",
    "disableOffset": false,
    "boundingBoxes": [
      {
        "mx": 5.5,
        "my": 5.5,
        "mz": -1.0,
        "Mx": 10.5,
        "My": 10.5,
        "Mz": 28.0,
        "subtract": false
      },
      {
        "mx": 4.5,
        "my": 4.5,
        "mz": -10.0,
        "Mx": 11.5,
        "My": 11.5,
        "Mz": -1.0,
        "subtract": false
      },
      {
        "mx": 6.5,
        "my": 6.5,
        "mz": -14.0,
        "Mx": 9.5,
        "My": 9.5,
        "Mz": -10.0,
        "subtract": false
      },
      {
        "mx": 5.5,
        "my": 8.5,
        "mz": 28.0,
        "Mx": 7.5,
        "My": 10.5,
        "Mz": 31.0,
        "subtract": false
      },
      {
        "mx": 8.5,
        "my": 8.5,
        "mz": 28.0,
        "Mx": 10.5,
        "My": 10.5,
        "Mz": 31.0,
        "subtract": false
      },
      {
        "mx": 8.5,
        "my": 5.5,
        "mz": 28.0,
        "Mx": 10.5,
        "My": 7.5,
        "Mz": 31.0,
        "subtract": false
      },
      {
        "mx": 5.5,
        "my": 5.5,
        "mz": 28.0,
        "Mx": 7.5,
        "My": 7.5,
        "Mz": 31.0,
        "subtract": false
      },
      {
        "mx": -3.0,
        "my": 8.0,
        "mz": 24.0,
        "Mx": 19.0,
        "My": 8.0,
        "Mz": 28.0,
        "subtract": false
      },
      {
        "mx": -3.0,
        "my": 8.0,
        "mz": 24.0,
        "Mx": 19.0,
        "My": 8.0,
        "Mz": 28.0,
        "subtract": false
      }
    ],
    "customProperties": [],
    "name": "C 2 5actv",
    "specialInformation": {
      "fixedValue": []
    },
    "hardness": 1.0,
    "resistance": 10.0,
    "hasGravity": false,
    "isWaterloggable": false,
    "creativeTabs": [],
    "destroyTool": "Not specified",
    "customDrop": {
      "value": ""
    },
    "dropAmount": 1,
    "useLootTableForDrops": false,
    "requiresCorrectTool": false,
    "enchantPowerBonus": 0.0,
    "plantsGrowOn": false,
    "canRedstoneConnect": false,
    "lightOpacity": 0,
    "material": {
      "value": "NONE"
    },
    "tickRate": 0,
    "tickRandomly": false,
    "isReplaceable": false,
    "canProvidePower": false,
    "emittedRedstonePower": {
      "fixedValue": 15.0
    },
    "colorOnMap": "DEFAULT",
    "creativePickItem": {
      "value": ""
    },
    "offsetType": "NONE",
    "aiPathNodeType": "DEFAULT",
    "flammability": 0,
    "fireSpreadSpeed": 0,
    "isLadder": false,
    "slipperiness": 0.6,
    "speedFactor": 1.0,
    "jumpFactor": 1.0,
    "reactionToPushing": "NORMAL",
    "isNotColidable": false,
    "isCustomSoundType": false,
    "soundOnStep": {
      "value": "GROUND"
    },
    "breakSound": {
      "value": ""
    },
    "fallSound": {
      "value": ""
    },
    "hitSound": {
      "value": ""
    },
    "placeSound": {
      "value": ""
    },
    "stepSound": {
      "value": ""
    },
    "luminance": 0,
    "unbreakable": false,
    "vanillaToolTier": "NONE",
    "isBonemealable": false,
    "hasInventory": false,
    "openGUIOnRightClick": false,
    "inventorySize": 9,
    "inventoryStackSize": 64,
    "inventoryDropWhenDestroyed": true,
    "inventoryComparatorPower": true,
    "inventoryOutSlotIDs": [],
    "inventoryInSlotIDs": [],
    "hasEnergyStorage": false,
    "energyInitial": 0,
    "energyCapacity": 400000,
    "energyMaxReceive": 200,
    "energyMaxExtract": 200,
    "isFluidTank": false,
    "fluidCapacity": 8000,
    "fluidRestrictions": [],
    "onRedstoneOn": {
      "name": "C25actvRiedstounVkliuchion"
    },
    "generateFeature": false,
    "restrictionBiomes": [],
    "blocksToReplace": [
      {
        "value": "TAG:stone_ore_replaceables"
      }
    ],
    "generationShape": "UNIFORM",
    "frequencyPerChunks": 10,
    "frequencyOnChunk": 16,
    "minGenerateHeight": 0,
    "maxGenerateHeight": 64
  }
}