{
  "_fv": 73,
  "_type": "block",
  "definition": {
    "texture": "c-3k",
    "textureTop": "",
    "textureLeft": "",
    "textureFront": "",
    "textureRight": "",
    "textureBack": "",
    "renderType": 2,
    "customModelName": "c-3k:default",
    "rotationMode": 1,
    "enablePitch": false,
    "emissiveRendering": false,
    "displayFluidOverlay": false,
    "itemTexture": "",
    "particleTexture": "",
    "tintType": "No tint",
    "isItemTinted": false,
    "hasTransparency": true,
    "connectedSides": true,
    "transparencyType": "CUTOUT",
    "disableOffset": false,
    "boundingBoxes": [
      {
        "mx": 6.0,
        "my": 11.0,
        "mz": -12.0,
        "Mx": 10.0,
        "My": 15.0,
        "Mz": 29.0,
        "subtract": false
      },
      {
        "mx": 6.5,
        "my": 11.5,
        "mz": -16.0,
        "Mx": 9.5,
        "My": 14.5,
        "Mz": -12.0,
        "subtract": false
      },
      {
        "mx": 1.0,
        "my": 14.0,
        "mz": -3.0,
        "Mx": 16.0,
        "My": 14.0,
        "Mz": 2.0,
        "subtract": false
      },
      {
        "mx": 8.0,
        "my": 5.41421,
        "mz": 19.0,
        "Mx": 8.0,
        "My": 20.41421,
        "Mz": 26.0,
        "subtract": false
      },
      {
        "mx": 8.0,
        "my": 5.41421,
        "mz": 19.0,
        "Mx": 8.0,
        "My": 20.41421,
        "Mz": 26.0,
        "subtract": false
      },
      {
        "mx": 0.41421,
        "my": 13.0,
        "mz": -3.0,
        "Mx": 15.41421,
        "My": 13.0,
        "Mz": 2.0,
        "subtract": false
      }
    ],
    "customProperties": [],
    "name": "C-3K",
    "specialInformation": {
      "fixedValue": []
    },
    "hardness": 1.0,
    "resistance": 10.0,
    "hasGravity": false,
    "isWaterloggable": false,
    "creativeTabs": [
      {
        "value": "CUSTOM:Createtheairwar"
      },
      {
        "value": "CUSTOM:Ctaww"
      }
    ],
    "destroyTool": "Not specified",
    "customDrop": {
      "value": ""
    },
    "dropAmount": 1,
    "useLootTableForDrops": false,
    "requiresCorrectTool": false,
    "enchantPowerBonus": 0.0,
    "plantsGrowOn": false,
    "canRedstoneConnect": false,
    "lightOpacity": 0,
    "material": {
      "value": "NONE"
    },
    "tickRate": 0,
    "tickRandomly": false,
    "isReplaceable": false,
    "canProvidePower": false,
    "emittedRedstonePower": {
      "fixedValue": 15.0
    },
    "colorOnMap": "DEFAULT",
    "creativePickItem": {
      "value": ""
    },
    "offsetType": "NONE",
    "aiPathNodeType": "DEFAULT",
    "flammability": 0,
    "fireSpreadSpeed": 0,
    "isLadder": false,
    "slipperiness": 0.6,
    "speedFactor": 1.0,
    "jumpFactor": 1.0,
    "reactionToPushing": "NORMAL",
    "isNotColidable": false,
    "isCustomSoundType": false,
    "soundOnStep": {
      "value": "METAL"
    },
    "breakSound": {
      "value": ""
    },
    "fallSound": {
      "value": ""
    },
    "hitSound": {
      "value": ""
    },
    "placeSound": {
      "value": ""
    },
    "stepSound": {
      "value": ""
    },
    "luminance": 0,
    "unbreakable": false,
    "vanillaToolTier": "NONE",
    "isBonemealable": false,
    "hasInventory": false,
    "openGUIOnRightClick": false,
    "inventorySize": 9,
    "inventoryStackSize": 64,
    "inventoryDropWhenDestroyed": true,
    "inventoryComparatorPower": true,
    "inventoryOutSlotIDs": [],
    "inventoryInSlotIDs": [],
    "hasEnergyStorage": false,
    "energyInitial": 0,
    "energyCapacity": 400000,
    "energyMaxReceive": 200,
    "energyMaxExtract": 200,
    "isFluidTank": false,
    "fluidCapacity": 8000,
    "fluidRestrictions": [],
    "onDestroyedByExplosion": {
      "name": "AIM9rocketPriRazrushieniiBlokaOtVzryva"
    },
    "onRedstoneOn": {
      "name": "C9KVILET"
    },
    "generateFeature": false,
    "restrictionBiomes": [],
    "blocksToReplace": [
      {
        "value": "TAG:stone_ore_replaceables"
      }
    ],
    "generationShape": "UNIFORM",
    "frequencyPerChunks": 10,
    "frequencyOnChunk": 16,
    "minGenerateHeight": 0,
    "maxGenerateHeight": 64
  }
}