{
  "_fv": 73,
  "_type": "recipe",
  "definition": {
    "recipeType": "Crafting",
    "recipeRetstackSize": 1,
    "group": "",
    "cookingBookCategory": "MISC",
    "xpReward": 0.0,
    "cookingTime": 200,
    "craftingBookCategory": "MISC",
    "recipeShapeless": false,
    "recipeSlots": [
      {
        "value": "CUSTOM:Efssdfsdf"
      },
      {
        "value": "CUSTOM:Efssdfsdf"
      },
      {
        "value": "CUSTOM:Efssdfsdf"
      },
      {
        "value": "CUSTOM:Efssdfsdf"
      },
      {
        "value": "CUSTOM:C9emptyrocketbox"
      },
      {
        "value": "CUSTOM:Efssdfsdf"
      },
      {
        "value": "CUSTOM:Efssdfsdf"
      },
      {
        "value": "CUSTOM:Efssdfsdf"
      },
      {
        "value": "CUSTOM:Efssdfsdf"
      }
    ],
    "recipeReturnStack": {
      "value": "CUSTOM:C9ROCKETBOX"
    },
    "name": "ddfs",
    "namespace": "mod"
  }
}