{
  "_fv": 73,
  "_type": "gui",
  "definition": {
    "type": 0,
    "width": 256,
    "height": 166,
    "inventoryOffsetX": 0,
    "inventoryOffsetY": 0,
    "renderBgLayer": true,
    "doesPauseGame": false,
    "components": [
      {
        "type": "button",
        "data": {
          "name": "button_ozm72",
          "text": "OZM-72",
          "isUndecorated": false,
          "width": 56,
          "height": 20,
          "x": 104,
          "y": 71,
          "locked": false
        }
      },
      {
        "type": "label",
        "data": {
          "name": "label_debug_items_menu",
          "text": {
            "fixedValue": "Debug Items Menu"
          },
          "color": {
            "value": -12829636,
            "falpha": 0.0
          },
          "x": 173,
          "y": 42,
          "locked": false
        }
      }
    ],
    "gridSettings": {
      "sx": 18,
      "sy": 18,
      "ox": 11,
      "oy": 15,
      "snapOnGrid": false
    }
  }
}