{
  "_fv": 73,
  "_type": "gui",
  "definition": {
    "type": 0,
    "width": 174,
    "height": 166,
    "inventoryOffsetX": 0,
    "inventoryOffsetY": 0,
    "renderBgLayer": true,
    "doesPauseGame": false,
    "components": [
      {
        "type": "textfield",
        "data": {
          "placeholder": "0",
          "name": "cordSE",
          "width": 120,
          "height": 20,
          "x": 153,
          "y": 81,
          "locked": false
        }
      },
      {
        "type": "button",
        "data": {
          "name": "button_update",
          "text": "Set",
          "isUndecorated": false,
          "onClick": {
            "name": "FdgddKazhdyiTikPokaIntierfieisOtkryt"
          },
          "width": 56,
          "height": 20,
          "x": 184,
          "y": 137,
          "locked": false
        }
      },
      {
        "type": "label",
        "data": {
          "name": "label_give_the_rocket_power",
          "text": {
            "fixedValue": "Give the rocket power"
          },
          "color": {
            "value": -12829636,
            "falpha": 0.0
          },
          "x": 158,
          "y": 68,
          "locked": false
        }
      }
    ],
    "gridSettings": {
      "sx": 18,
      "sy": 18,
      "ox": 11,
      "oy": 15,
      "snapOnGrid": false
    }
  }
}