{
  "_fv": 73,
  "_type": "potioneffect",
  "definition": {
    "effectName": "Search",
    "icon": "image",
    "color": {
      "value": -65536,
      "falpha": 0.0
    },
    "isInstant": false,
    "mobEffectCategory": "NEUTRAL",
    "renderStatusInInventory": true,
    "renderStatusInHUD": false,
    "isCuredByMilk": false,
    "isProtectedByTotem": false,
    "isCuredbyHoney": false,
    "modifiers": [
      {
        "attribute": {
          "value": "NAMETAG_RENDER_DISTANCE"
        },
        "amount": 200.0,
        "operation": "ADD_MULTIPLIED_BASE"
      },
      {
        "attribute": {
          "value": "ENTITY_REACH"
        },
        "amount": 200.0,
        "operation": "ADD_VALUE"
      },
      {
        "attribute": {
          "value": "FOLLOW_RANGE"
        },
        "amount": 200.0,
        "operation": "ADD_VALUE"
      }
    ]
  }
}