{
  "_fv": 73,
  "_type": "projectile",
  "definition": {
    "projectileItem": {
      "value": "CUSTOM:Rim7active"
    },
    "showParticles": false,
    "actionSound": {
      "value": "entity.arrow.shoot"
    },
    "igniteFire": false,
    "power": 5.0,
    "damage": 5.0,
    "knockback": 5,
    "entityModel": "Default",
    "customModelTexture": "",
    "modelWidth": 0.5,
    "modelHeight": 0.5,
    "onHitsBlock": {
      "name": "GvrdcrcdKoghdaSnariadPopadaietVBlok"
    },
    "onFlyingTick": {
      "name": "DsfsdsfPriObnovlieniiTika"
    }
  }
}