{
  "_fv": 73,
  "_type": "tool",
  "definition": {
    "toolType": "Hoe",
    "renderType": 0,
    "blockingRenderType": 0,
    "texture": "titanium_hoe",
    "customModelName": "Normal",
    "blockingModelName": "Normal blocking",
    "name": "Titanium Hoe",
    "specialInformation": {
      "fixedValue": []
    },
    "creativeTabs": [
      {
        "value": "CUSTOM:Createtheairwar"
      },
      {
        "value": "CUSTOM:Createtawi"
      }
    ],
    "efficiency": 10.0,
    "attackSpeed": 1.0,
    "enchantability": 3,
    "damageVsEntity": 6.0,
    "usageCount": 500,
    "glowCondition": {
      "fixedValue": false
    },
    "repairItems": [
      {
        "value": "CUSTOM:Titaniumingot"
      }
    ],
    "immuneToFire": false,
    "blockDropsTier": "NETHERITE",
    "blocksAffected": [],
    "stayInGridWhenCrafting": false,
    "damageOnCrafting": false
  }
}