{
  "_fv": 73,
  "_type": "gui",
  "definition": {
    "type": 0,
    "width": 256,
    "height": 166,
    "inventoryOffsetX": 0,
    "inventoryOffsetY": 0,
    "renderBgLayer": false,
    "doesPauseGame": false,
    "components": [
      {
        "type": "textfield",
        "data": {
          "placeholder": "",
          "name": "input",
          "width": 120,
          "height": 20,
          "x": 199,
          "y": 43,
          "locked": false
        }
      },
      {
        "type": "textfield",
        "data": {
          "placeholder": "",
          "name": "output",
          "width": 120,
          "height": 20,
          "x": 199,
          "y": 175,
          "locked": false
        }
      },
      {
        "type": "image",
        "data": {
          "image": "image_2.png",
          "use1Xscale": false,
          "x": 63,
          "y": 39,
          "locked": false
        }
      },
      {
        "type": "button",
        "data": {
          "name": "button_send",
          "text": "Send",
          "isUndecorated": false,
          "onClick": {
            "name": "Zd"
          },
          "width": 46,
          "height": 20,
          "x": 233,
          "y": 75,
          "locked": false
        }
      }
    ],
    "onTick": {
      "name": "UfyKazhdyiTikPokaIntierfieisOtkryt"
    },
    "gridSettings": {
      "sx": 18,
      "sy": 18,
      "ox": 11,
      "oy": 15,
      "snapOnGrid": false
    }
  }
}