{
  "credit": "Made with Blockbench",
  "texture_size": [
    32,
    32
  ],
  "elements": [
    {
      "from": [
        5.5,
        11.5,
        2
      ],
      "to": [
        10.5,
        16.5,
        19
      ],
      "rotation": {
        "angle": 0,
        "axis": "y",
        "origin": [
          7,
          13,
          1
        ]
      },
      "faces": {
        "north": {
          "uv": [
            9,
            4,
            11.5,
            6.5
          ],
          "texture": "#0"
        },
        "east": {
          "uv": [
            0,
            0,
            8.5,
            2.5
          ],
          "texture": "#0"
        },
        "south": {
          "uv": [
            9,
            6.5,
            11.5,
            9
          ],
          "texture": "#0"
        },
        "west": {
          "uv": [
            0,
            2.5,
            8.5,
            5
          ],
          "texture": "#0"
        },
        "up": {
          "uv": [
            2.5,
            13.5,
            0,
            5
          ],
          "texture": "#0"
        },
        "down": {
          "uv": [
            5,
            5,
            2.5,
            13.5
          ],
          "texture": "#0"
        }
      }
    },
    {
      "from": [
        6,
        12,
        -1
      ],
      "to": [
        10,
        16,
        2
      ],
      "rotation": {
        "angle": 0,
        "axis": "y",
        "origin": [
          7,
          13,
          -1
        ]
      },
      "faces": {
        "north": {
          "uv": [
            9,
            9,
            11,
            11
          ],
          "texture": "#0"
        },
        "east": {
          "uv": [
            7,
            11,
            8.5,
            13
          ],
          "texture": "#0"
        },
        "south": {
          "uv": [
            5,
            11,
            7,
            13
          ],
          "texture": "#0"
        },
        "west": {
          "uv": [
            8.5,
            11,
            10,
            13
          ],
          "texture": "#0"
        },
        "up": {
          "uv": [
            13,
            10.5,
            11,
            9
          ],
          "texture": "#0"
        },
        "down": {
          "uv": [
            12,
            11,
            10,
            12.5
          ],
          "texture": "#0"
        }
      }
    },
    {
      "from": [
        7,
        13,
        -3
      ],
      "to": [
        9,
        15,
        -1
      ],
      "rotation": {
        "angle": 0,
        "axis": "y",
        "origin": [
          7,
          13,
          -4
        ]
      },
      "faces": {
        "north": {
          "uv": [
            11.5,
            8,
            12.5,
            9
          ],
          "texture": "#0"
        },
        "east": {
          "uv": [
            12,
            10.5,
            13,
            11.5
          ],
          "texture": "#0"
        },
        "south": {
          "uv": [
            12,
            11.5,
            13,
            12.5
          ],
          "texture": "#0"
        },
        "west": {
          "uv": [
            12.5,
            8,
            13.5,
            9
          ],
          "texture": "#0"
        },
        "up": {
          "uv": [
            11,
            13.5,
            10,
            12.5
          ],
          "texture": "#0"
        },
        "down": {
          "uv": [
            12,
            12.5,
            11,
            13.5
          ],
          "texture": "#0"
        }
      }
    },
    {
      "from": [
        8,
        8,
        15
      ],
      "to": [
        8,
        20,
        19
      ],
      "rotation": {
        "angle": -45,
        "axis": "z",
        "origin": [
          8,
          14,
          17
        ]
      },
      "faces": {
        "north": {
          "uv": [
            0,
            0,
            0,
            6
          ],
          "texture": "#0"
        },
        "east": {
          "uv": [
            5,
            5,
            7,
            11
          ],
          "texture": "#0"
        },
        "south": {
          "uv": [
            0,
            0,
            0,
            6
          ],
          "texture": "#0"
        },
        "west": {
          "uv": [
            7,
            5,
            9,
            11
          ],
          "texture": "#0"
        },
        "up": {
          "uv": [
            0,
            2,
            0,
            0
          ],
          "texture": "#0"
        },
        "down": {
          "uv": [
            0,
            0,
            0,
            2
          ],
          "texture": "#0"
        }
      }
    },
    {
      "from": [
        2,
        14,
        15
      ],
      "to": [
        14,
        14,
        19
      ],
      "rotation": {
        "angle": -45,
        "axis": "z",
        "origin": [
          8,
          14,
          17
        ]
      },
      "faces": {
        "north": {
          "uv": [
            0,
            0,
            6,
            0
          ],
          "texture": "#0"
        },
        "east": {
          "uv": [
            0,
            0,
            2,
            0
          ],
          "texture": "#0"
        },
        "south": {
          "uv": [
            0,
            0,
            6,
            0
          ],
          "texture": "#0"
        },
        "west": {
          "uv": [
            0,
            0,
            2,
            0
          ],
          "texture": "#0"
        },
        "up": {
          "uv": [
            14.5,
            2,
            8.5,
            0
          ],
          "texture": "#0"
        },
        "down": {
          "uv": [
            14.5,
            2,
            8.5,
            4
          ],
          "texture": "#0"
        }
      }
    },
    {
      "from": [
        3,
        14,
        2
      ],
      "to": [
        7,
        14,
        4
      ],
      "rotation": {
        "angle": 22.5,
        "axis": "y",
        "origin": [
          7,
          14,
          2
        ]
      },
      "faces": {
        "north": {
          "uv": [
            0,
            0,
            2,
            0
          ],
          "texture": "#0"
        },
        "east": {
          "uv": [
            0,
            0,
            1,
            0
          ],
          "texture": "#0"
        },
        "south": {
          "uv": [
            0,
            0,
            2,
            0
          ],
          "texture": "#0"
        },
        "west": {
          "uv": [
            0,
            0,
            1,
            0
          ],
          "texture": "#0"
        },
        "up": {
          "uv": [
            13.5,
            5,
            11.5,
            4
          ],
          "texture": "#0"
        },
        "down": {
          "uv": [
            13.5,
            5,
            11.5,
            6
          ],
          "texture": "#0"
        }
      }
    },
    {
      "from": [
        9,
        14,
        2
      ],
      "to": [
        13,
        14,
        4
      ],
      "rotation": {
        "angle": -22.5,
        "axis": "y",
        "origin": [
          9,
          14,
          2
        ]
      },
      "faces": {
        "north": {
          "uv": [
            0,
            0,
            2,
            0
          ],
          "texture": "#0"
        },
        "east": {
          "uv": [
            0,
            0,
            1,
            0
          ],
          "texture": "#0"
        },
        "south": {
          "uv": [
            0,
            0,
            2,
            0
          ],
          "texture": "#0"
        },
        "west": {
          "uv": [
            0,
            0,
            1,
            0
          ],
          "texture": "#0"
        },
        "up": {
          "uv": [
            13.5,
            7,
            11.5,
            6
          ],
          "texture": "#0"
        },
        "down": {
          "uv": [
            13.5,
            7,
            11.5,
            8
          ],
          "texture": "#0"
        }
      }
    }
  ],
  "display": {
    "thirdperson_righthand": {
      "rotation": [
        87,
        0,
        0
      ],
      "translation": [
        0,
        0.5,
        -1
      ],
      "scale": [
        0.64,
        0.64,
        0.64
      ]
    },
    "thirdperson_lefthand": {
      "rotation": [
        87,
        0,
        0
      ],
      "translation": [
        0,
        0.5,
        -1
      ],
      "scale": [
        0.64,
        0.64,
        0.64
      ]
    },
    "firstperson_righthand": {
      "rotation": [
        60,
        2,
        45
      ],
      "translation": [
        3.25,
        -0.5,
        0
      ]
    },
    "firstperson_lefthand": {
      "rotation": [
        60,
        2,
        45
      ],
      "translation": [
        3.25,
        -0.5,
        0
      ]
    },
    "ground": {
      "translation": [
        0,
        -1.25,
        0
      ],
      "scale": [
        0.64,
        0.64,
        0.64
      ]
    },
    "gui": {
      "rotation": [
        35,
        -153,
        0
      ],
      "translation": [
        1.25,
        -6.75,
        0
      ]
    },
    "head": {
      "rotation": [
        -45,
        0,
        0
      ],
      "translation": [
        0,
        5,
        7.75
      ]
    },
    "fixed": {
      "translation": [
        0,
        -6,
        0
      ]
    }
  }
}