{
  "credit": "Made with Blockbench",
  "elements": [
    {
      "from": [
        7,
        5,
        7
      ],
      "to": [
        9,
        11,
        9
      ],
      "rotation": {
        "angle": 90,
        "axis": "x",
        "origin": [
          8,
          8,
          8
        ]
      },
      "rotated": [
        90,
        0,
        180
      ],
      "faces": {
        "north": {
          "uv": [
            2,
            2,
            4,
            8
          ],
          "texture": "#0"
        },
        "east": {
          "uv": [
            0,
            2,
            2,
            8
          ],
          "texture": "#0"
        },
        "south": {
          "uv": [
            6,
            2,
            8,
            8
          ],
          "texture": "#0"
        },
        "west": {
          "uv": [
            4,
            2,
            6,
            8
          ],
          "texture": "#0"
        },
        "up": {
          "uv": [
            4,
            2,
            2,
            0
          ],
          "texture": "#0"
        },
        "down": {
          "uv": [
            6,
            0,
            4,
            2
          ],
          "texture": "#0"
        }
      }
    }
  ],
  "display": {},
  "groups": [
    {
      "name": "bone",
      "origin": [
        0,
        8,
        -9
      ],
      "color": 0,
      "children": [
        0
      ]
    }
  ]
}