{
  "credit": "Made with Blockbench",
  "texture_size": [
    64,
    64
  ],
  "elements": [
    {
      "from": [
        5.5,
        8.5,
        -1
      ],
      "to": [
        10.5,
        13.5,
        28
      ],
      "rotation": {
        "angle": 0,
        "axis": "y",
        "origin": [
          7,
          10,
          0
        ]
      },
      "faces": {
        "north": {
          "uv": [
            2.5,
            8.25,
            3.75,
            9.5
          ],
          "texture": "#0"
        },
        "east": {
          "uv": [
            0,
            0,
            7.25,
            1.25
          ],
          "texture": "#0"
        },
        "south": {
          "uv": [
            3.75,
            8.25,
            5,
            9.5
          ],
          "texture": "#0"
        },
        "west": {
          "uv": [
            0,
            1.25,
            7.25,
            2.5
          ],
          "texture": "#0"
        },
        "up": {
          "uv": [
            1.25,
            9.75,
            0,
            2.5
          ],
          "texture": "#0"
        },
        "down": {
          "uv": [
            2.5,
            2.5,
            1.25,
            9.75
          ],
          "texture": "#0"
        }
      }
    },
    {
      "from": [
        4.5,
        7.5,
        -10
      ],
      "to": [
        11.5,
        14.5,
        -1
      ],
      "rotation": {
        "angle": 0,
        "axis": "y",
        "origin": [
          7,
          10,
          -4
        ]
      },
      "faces": {
        "north": {
          "uv": [
            8,
            2.25,
            9.75,
            4
          ],
          "texture": "#0"
        },
        "east": {
          "uv": [
            2.5,
            6.5,
            4.75,
            8.25
          ],
          "texture": "#0"
        },
        "south": {
          "uv": [
            8,
            4,
            9.75,
            5.75
          ],
          "texture": "#0"
        },
        "west": {
          "uv": [
            4.75,
            6.5,
            7,
            8.25
          ],
          "texture": "#0"
        },
        "up": {
          "uv": [
            8.75,
            8.75,
            7,
            6.5
          ],
          "texture": "#0"
        },
        "down": {
          "uv": [
            9,
            0,
            7.25,
            2.25
          ],
          "texture": "#0"
        }
      }
    },
    {
      "from": [
        6.5,
        9.5,
        -14
      ],
      "to": [
        9.5,
        12.5,
        -10
      ],
      "rotation": {
        "angle": 0,
        "axis": "y",
        "origin": [
          7,
          10,
          -14
        ]
      },
      "faces": {
        "north": {
          "uv": [
            6.75,
            8.75,
            7.5,
            9.5
          ],
          "texture": "#0"
        },
        "east": {
          "uv": [
            8,
            5.75,
            9,
            6.5
          ],
          "texture": "#0"
        },
        "south": {
          "uv": [
            7.5,
            8.75,
            8.25,
            9.5
          ],
          "texture": "#0"
        },
        "west": {
          "uv": [
            5,
            8.25,
            6,
            9
          ],
          "texture": "#0"
        },
        "up": {
          "uv": [
            6.75,
            9.25,
            6,
            8.25
          ],
          "texture": "#0"
        },
        "down": {
          "uv": [
            9.5,
            6.5,
            8.75,
            7.5
          ],
          "texture": "#0"
        }
      }
    },
    {
      "from": [
        5.5,
        11.5,
        28
      ],
      "to": [
        7.5,
        13.5,
        31
      ],
      "rotation": {
        "angle": 0,
        "axis": "y",
        "origin": [
          5,
          11,
          29
        ]
      },
      "faces": {
        "north": {
          "uv": [
            3,
            9.5,
            3.5,
            10
          ],
          "texture": "#0"
        },
        "east": {
          "uv": [
            8.75,
            7.5,
            9.5,
            8
          ],
          "texture": "#0"
        },
        "south": {
          "uv": [
            3.5,
            9.5,
            4,
            10
          ],
          "texture": "#0"
        },
        "west": {
          "uv": [
            8.75,
            8,
            9.5,
            8.5
          ],
          "texture": "#0"
        },
        "up": {
          "uv": [
            8.75,
            9.5,
            8.25,
            8.75
          ],
          "texture": "#0"
        },
        "down": {
          "uv": [
            9.25,
            8.5,
            8.75,
            9.25
          ],
          "texture": "#0"
        }
      }
    },
    {
      "from": [
        8.5,
        11.5,
        28
      ],
      "to": [
        10.5,
        13.5,
        31
      ],
      "rotation": {
        "angle": 0,
        "axis": "y",
        "origin": [
          8,
          11,
          29
        ]
      },
      "faces": {
        "north": {
          "uv": [
            9.5,
            6.75,
            10,
            7.25
          ],
          "texture": "#0"
        },
        "east": {
          "uv": [
            9.25,
            8.5,
            10,
            9
          ],
          "texture": "#0"
        },
        "south": {
          "uv": [
            7,
            9.5,
            7.5,
            10
          ],
          "texture": "#0"
        },
        "west": {
          "uv": [
            8.75,
            9.25,
            9.5,
            9.75
          ],
          "texture": "#0"
        },
        "up": {
          "uv": [
            10,
            1.75,
            9.5,
            1
          ],
          "texture": "#0"
        },
        "down": {
          "uv": [
            3,
            9.5,
            2.5,
            10.25
          ],
          "texture": "#0"
        }
      }
    },
    {
      "from": [
        8.5,
        8.5,
        28
      ],
      "to": [
        10.5,
        10.5,
        31
      ],
      "rotation": {
        "angle": 0,
        "axis": "y",
        "origin": [
          9,
          8,
          29
        ]
      },
      "faces": {
        "north": {
          "uv": [
            4,
            9.5,
            4.5,
            10
          ],
          "texture": "#0"
        },
        "east": {
          "uv": [
            9,
            0,
            9.75,
            0.5
          ],
          "texture": "#0"
        },
        "south": {
          "uv": [
            4.5,
            9.5,
            5,
            10
          ],
          "texture": "#0"
        },
        "west": {
          "uv": [
            9,
            0.5,
            9.75,
            1
          ],
          "texture": "#0"
        },
        "up": {
          "uv": [
            9.5,
            1.75,
            9,
            1
          ],
          "texture": "#0"
        },
        "down": {
          "uv": [
            5.5,
            9,
            5,
            9.75
          ],
          "texture": "#0"
        }
      }
    },
    {
      "from": [
        5.5,
        8.5,
        28
      ],
      "to": [
        7.5,
        10.5,
        31
      ],
      "rotation": {
        "angle": 0,
        "axis": "y",
        "origin": [
          6,
          8,
          29
        ]
      },
      "faces": {
        "north": {
          "uv": [
            9.5,
            6.25,
            10,
            6.75
          ],
          "texture": "#0"
        },
        "east": {
          "uv": [
            9,
            1.75,
            9.75,
            2.25
          ],
          "texture": "#0"
        },
        "south": {
          "uv": [
            6.5,
            9.5,
            7,
            10
          ],
          "texture": "#0"
        },
        "west": {
          "uv": [
            9,
            5.75,
            9.75,
            6.25
          ],
          "texture": "#0"
        },
        "up": {
          "uv": [
            6,
            9.75,
            5.5,
            9
          ],
          "texture": "#0"
        },
        "down": {
          "uv": [
            6.5,
            9.25,
            6,
            10
          ],
          "texture": "#0"
        }
      }
    },
    {
      "from": [
        -3,
        11,
        24
      ],
      "to": [
        19,
        11,
        28
      ],
      "rotation": {
        "angle": 45,
        "axis": "z",
        "origin": [
          8,
          11,
          26
        ]
      },
      "faces": {
        "north": {
          "uv": [
            0,
            0,
            5.5,
            0
          ],
          "texture": "#0"
        },
        "east": {
          "uv": [
            0,
            0,
            1,
            0
          ],
          "texture": "#0"
        },
        "south": {
          "uv": [
            0,
            0,
            5.5,
            0
          ],
          "texture": "#0"
        },
        "west": {
          "uv": [
            0,
            0,
            1,
            0
          ],
          "texture": "#0"
        },
        "up": {
          "uv": [
            8,
            3.5,
            2.5,
            2.5
          ],
          "texture": "#0"
        },
        "down": {
          "uv": [
            8,
            3.5,
            2.5,
            4.5
          ],
          "texture": "#0"
        }
      }
    },
    {
      "from": [
        -3,
        11,
        24
      ],
      "to": [
        19,
        11,
        28
      ],
      "rotation": {
        "angle": -45,
        "axis": "z",
        "origin": [
          8,
          11,
          26
        ]
      },
      "faces": {
        "north": {
          "uv": [
            0,
            0,
            5.5,
            0
          ],
          "texture": "#0"
        },
        "east": {
          "uv": [
            0,
            0,
            1,
            0
          ],
          "texture": "#0"
        },
        "south": {
          "uv": [
            0,
            0,
            5.5,
            0
          ],
          "texture": "#0"
        },
        "west": {
          "uv": [
            0,
            0,
            1,
            0
          ],
          "texture": "#0"
        },
        "up": {
          "uv": [
            8,
            5.5,
            2.5,
            4.5
          ],
          "texture": "#0"
        },
        "down": {
          "uv": [
            8,
            5.5,
            2.5,
            6.5
          ],
          "texture": "#0"
        }
      }
    },
    {
      "from": [
        7,
        13,
        5
      ],
      "to": [
        9,
        16,
        17
      ],
      "rotation": {
        "angle": 0,
        "axis": "y",
        "origin": [
          7,
          13,
          9
        ]
      },
      "faces": {
        "north": {
          "uv": [
            4.5,
            0,
            5,
            0.75
          ],
          "texture": "#0"
        },
        "east": {
          "uv": [
            3,
            0,
            6,
            0.75
          ],
          "texture": "#0"
        },
        "south": {
          "uv": [
            4.5,
            0,
            5,
            0.75
          ],
          "texture": "#0"
        },
        "west": {
          "uv": [
            3,
            0,
            6,
            0.75
          ],
          "texture": "#0"
        },
        "up": {
          "uv": [
            0,
            4.75,
            0.5,
            7.75
          ],
          "texture": "#0"
        },
        "down": {
          "uv": [
            0,
            4.75,
            0.5,
            7.75
          ],
          "texture": "#0"
        }
      }
    }
  ],
  "display": {
    "thirdperson_righthand": {
      "rotation": [
        113,
        0,
        0
      ],
      "translation": [
        0,
        4.75,
        2.25
      ],
      "scale": [
        0.64,
        0.64,
        0.64
      ]
    },
    "thirdperson_lefthand": {
      "rotation": [
        113,
        0,
        0
      ],
      "translation": [
        0,
        4.75,
        2.25
      ],
      "scale": [
        0.64,
        0.64,
        0.64
      ]
    },
    "firstperson_righthand": {
      "rotation": [
        51,
        0,
        0
      ],
      "translation": [
        5.5,
        0,
        0
      ]
    },
    "firstperson_lefthand": {
      "rotation": [
        51,
        0,
        0
      ],
      "translation": [
        5.5,
        0,
        0
      ]
    },
    "ground": {
      "translation": [
        0,
        2.5,
        0
      ],
      "scale": [
        0.64,
        0.64,
        0.64
      ]
    },
    "gui": {
      "rotation": [
        23,
        -140,
        0
      ],
      "translation": [
        0.5,
        -2.75,
        0
      ],
      "scale": [
        0.57,
        0.57,
        0.57
      ]
    }
  }
}