{
  "credit": "Made with Blockbench",
  "texture_size": [
    64,
    64
  ],
  "elements": [
    {
      "from": [
        6,
        11,
        -12
      ],
      "to": [
        10,
        15,
        29
      ],
      "rotation": {
        "angle": 45,
        "axis": "z",
        "origin": [
          8,
          13,
          0
        ]
      },
      "faces": {
        "north": {
          "uv": [
            7.5,
            5.75,
            8.5,
            6.75
          ],
          "texture": "#0"
        },
        "east": {
          "uv": [
            0,
            0,
            10.25,
            1
          ],
          "texture": "#0"
        },
        "south": {
          "uv": [
            7.5,
            6.75,
            8.5,
            7.75
          ],
          "texture": "#0"
        },
        "west": {
          "uv": [
            0,
            1,
            10.25,
            2
          ],
          "texture": "#0"
        },
        "up": {
          "uv": [
            1,
            12.25,
            0,
            2
          ],
          "texture": "#0"
        },
        "down": {
          "uv": [
            2,
            2,
            1,
            12.25
          ],
          "texture": "#0"
        }
      }
    },
    {
      "from": [
        6.5,
        11.5,
        -16
      ],
      "to": [
        9.5,
        14.5,
        -12
      ],
      "rotation": {
        "angle": 45,
        "axis": "z",
        "origin": [
          8,
          13,
          -16
        ]
      },
      "faces": {
        "north": {
          "uv": [
            8.5,
            4.75,
            9.25,
            5.5
          ],
          "texture": "#0"
        },
        "east": {
          "uv": [
            7.5,
            7.75,
            8.5,
            8.5
          ],
          "texture": "#0"
        },
        "south": {
          "uv": [
            8.5,
            5.5,
            9.25,
            6.25
          ],
          "texture": "#0"
        },
        "west": {
          "uv": [
            8.5,
            2,
            9.5,
            2.75
          ],
          "texture": "#0"
        },
        "up": {
          "uv": [
            9.25,
            3.75,
            8.5,
            2.75
          ],
          "texture": "#0"
        },
        "down": {
          "uv": [
            9.25,
            3.75,
            8.5,
            4.75
          ],
          "texture": "#0"
        }
      }
    },
    {
      "from": [
        1,
        14,
        -3
      ],
      "to": [
        16,
        14,
        2
      ],
      "rotation": {
        "angle": 0,
        "axis": "z",
        "origin": [
          7,
          14,
          -3
        ]
      },
      "faces": {
        "north": {
          "uv": [
            0,
            0,
            0,
            3.75
          ],
          "rotation": 90,
          "texture": "#0"
        },
        "east": {
          "uv": [
            0,
            0,
            0,
            1.25
          ],
          "rotation": 270,
          "texture": "#0"
        },
        "south": {
          "uv": [
            0,
            0,
            0,
            3.75
          ],
          "rotation": 270,
          "texture": "#0"
        },
        "west": {
          "uv": [
            0,
            1.25,
            0,
            0
          ],
          "rotation": 270,
          "texture": "#0"
        },
        "up": {
          "uv": [
            3.75,
            5.75,
            5,
            9.5
          ],
          "rotation": 270,
          "texture": "#0"
        },
        "down": {
          "uv": [
            5,
            5.75,
            6.25,
            9.5
          ],
          "rotation": 270,
          "texture": "#0"
        }
      }
    },
    {
      "from": [
        8,
        5.41421,
        19
      ],
      "to": [
        8,
        20.41421,
        26
      ],
      "rotation": {
        "angle": 45,
        "axis": "z",
        "origin": [
          8,
          13,
          21
        ]
      },
      "faces": {
        "north": {
          "uv": [
            0,
            0,
            0,
            3.75
          ],
          "texture": "#0"
        },
        "east": {
          "uv": [
            2,
            2,
            3.75,
            5.75
          ],
          "texture": "#0"
        },
        "south": {
          "uv": [
            0,
            0,
            0,
            3.75
          ],
          "texture": "#0"
        },
        "west": {
          "uv": [
            3.75,
            2,
            5.5,
            5.75
          ],
          "texture": "#0"
        },
        "up": {
          "uv": [
            0,
            1.75,
            0,
            0
          ],
          "texture": "#0"
        },
        "down": {
          "uv": [
            0,
            0,
            0,
            1.75
          ],
          "texture": "#0"
        }
      }
    },
    {
      "from": [
        8,
        5.41421,
        19
      ],
      "to": [
        8,
        20.41421,
        26
      ],
      "rotation": {
        "angle": -45,
        "axis": "z",
        "origin": [
          8,
          13,
          21
        ]
      },
      "faces": {
        "north": {
          "uv": [
            0,
            0,
            0,
            3.75
          ],
          "texture": "#0"
        },
        "east": {
          "uv": [
            5.5,
            2,
            7.25,
            5.75
          ],
          "texture": "#0"
        },
        "south": {
          "uv": [
            0,
            0,
            0,
            3.75
          ],
          "texture": "#0"
        },
        "west": {
          "uv": [
            2,
            5.75,
            3.75,
            9.5
          ],
          "texture": "#0"
        },
        "up": {
          "uv": [
            0,
            1.75,
            0,
            0
          ],
          "texture": "#0"
        },
        "down": {
          "uv": [
            0,
            0,
            0,
            1.75
          ],
          "texture": "#0"
        }
      }
    },
    {
      "from": [
        0.41421,
        13,
        -3
      ],
      "to": [
        15.41421,
        13,
        2
      ],
      "rotation": {
        "angle": 0,
        "axis": "z",
        "origin": [
          8,
          13,
          -3
        ]
      },
      "faces": {
        "north": {
          "uv": [
            0,
            0,
            0,
            3.75
          ],
          "rotation": 270,
          "texture": "#0"
        },
        "east": {
          "uv": [
            0,
            1.25,
            0,
            0
          ],
          "rotation": 90,
          "texture": "#0"
        },
        "south": {
          "uv": [
            0,
            0,
            0,
            3.75
          ],
          "rotation": 90,
          "texture": "#0"
        },
        "west": {
          "uv": [
            0,
            0,
            0,
            1.25
          ],
          "rotation": 90,
          "texture": "#0"
        },
        "up": {
          "uv": [
            7.25,
            2,
            8.5,
            5.75
          ],
          "rotation": 90,
          "texture": "#0"
        },
        "down": {
          "uv": [
            6.25,
            5.75,
            7.5,
            9.5
          ],
          "rotation": 90,
          "texture": "#0"
        }
      }
    }
  ],
  "display": {
    "thirdperson_righthand": {
      "rotation": [
        126,
        0,
        0
      ],
      "translation": [
        0,
        3,
        2
      ],
      "scale": [
        0.64,
        0.64,
        0.64
      ]
    },
    "thirdperson_lefthand": {
      "rotation": [
        126,
        0,
        0
      ],
      "translation": [
        0,
        3,
        2
      ],
      "scale": [
        0.64,
        0.64,
        0.64
      ]
    },
    "firstperson_righthand": {
      "rotation": [
        53,
        0,
        0
      ],
      "translation": [
        6.75,
        0,
        0
      ]
    },
    "firstperson_lefthand": {
      "rotation": [
        53,
        0,
        0
      ],
      "translation": [
        6.75,
        0,
        0
      ]
    },
    "ground": {
      "translation": [
        0,
        1.5,
        0
      ],
      "scale": [
        0.64,
        0.64,
        0.64
      ]
    },
    "gui": {
      "rotation": [
        25,
        -142,
        0
      ],
      "translation": [
        -0.25,
        0,
        0
      ],
      "scale": [
        0.54,
        0.54,
        0.54
      ]
    }
  }
}