{
  "credit": "Made with Blockbench",
  "elements": [
    {
      "from": [
        6.5,
        0,
        6.5
      ],
      "to": [
        9.5,
        4,
        9.5
      ],
      "rotation": {
        "angle": 0,
        "axis": "y",
        "origin": [
          8,
          -1.25,
          8
        ]
      },
      "faces": {
        "north": {
          "uv": [
            0,
            0,
            3,
            4
          ],
          "texture": "#1"
        },
        "east": {
          "uv": [
            3,
            0,
            6,
            4
          ],
          "texture": "#1"
        },
        "south": {
          "uv": [
            0,
            4,
            3,
            8
          ],
          "texture": "#1"
        },
        "west": {
          "uv": [
            3,
            4,
            6,
            8
          ],
          "texture": "#1"
        },
        "up": {
          "uv": [
            9,
            3,
            6,
            0
          ],
          "texture": "#1"
        },
        "down": {
          "uv": [
            9,
            3,
            6,
            6
          ],
          "texture": "#1"
        }
      }
    },
    {
      "from": [
        7,
        4,
        7
      ],
      "to": [
        9,
        5,
        9
      ],
      "rotation": {
        "angle": 0,
        "axis": "y",
        "origin": [
          7,
          3,
          7
        ]
      },
      "faces": {
        "north": {
          "uv": [
            4,
            8,
            6,
            9
          ],
          "texture": "#1"
        },
        "east": {
          "uv": [
            6,
            8,
            8,
            9
          ],
          "texture": "#1"
        },
        "south": {
          "uv": [
            8,
            6,
            10,
            7
          ],
          "texture": "#1"
        },
        "west": {
          "uv": [
            8,
            7,
            10,
            8
          ],
          "texture": "#1"
        },
        "up": {
          "uv": [
            8,
            8,
            6,
            6
          ],
          "texture": "#1"
        },
        "down": {
          "uv": [
            2,
            8,
            0,
            10
          ],
          "texture": "#1"
        }
      }
    },
    {
      "from": [
        7.5,
        4,
        7
      ],
      "to": [
        8.5,
        5,
        7
      ],
      "rotation": {
        "angle": 45,
        "axis": "x",
        "origin": [
          8,
          5,
          7
        ]
      },
      "faces": {
        "north": {
          "uv": [
            8,
            8,
            9,
            9
          ],
          "texture": "#1"
        },
        "east": {
          "uv": [
            0,
            0,
            0,
            1
          ],
          "texture": "#1"
        },
        "south": {
          "uv": [
            9,
            0,
            10,
            1
          ],
          "texture": "#1"
        },
        "west": {
          "uv": [
            0,
            0,
            0,
            1
          ],
          "texture": "#1"
        },
        "up": {
          "uv": [
            1,
            0,
            0,
            0
          ],
          "texture": "#1"
        },
        "down": {
          "uv": [
            1,
            0,
            0,
            0
          ],
          "texture": "#1"
        }
      }
    },
    {
      "from": [
        7.5,
        1.3,
        6.3
      ],
      "to": [
        8.5,
        4.3,
        6.3
      ],
      "rotation": {
        "angle": 22.5,
        "axis": "x",
        "origin": [
          8,
          4.3,
          6.3
        ]
      },
      "faces": {
        "north": {
          "uv": [
            2,
            8,
            3,
            11
          ],
          "texture": "#1"
        },
        "east": {
          "uv": [
            0,
            0,
            0,
            3
          ],
          "texture": "#1"
        },
        "south": {
          "uv": [
            3,
            8,
            4,
            11
          ],
          "texture": "#1"
        },
        "west": {
          "uv": [
            0,
            0,
            0,
            3
          ],
          "texture": "#1"
        },
        "up": {
          "uv": [
            1,
            0,
            0,
            0
          ],
          "texture": "#1"
        },
        "down": {
          "uv": [
            1,
            0,
            0,
            0
          ],
          "texture": "#1"
        }
      }
    }
  ],
  "display": {
    "thirdperson_righthand": {
      "rotation": [
        0,
        -45,
        0
      ],
      "translation": [
        0,
        5.75,
        2
      ],
      "scale": [
        0.89,
        0.89,
        0.89
      ]
    },
    "thirdperson_lefthand": {
      "rotation": [
        0,
        -45,
        0
      ],
      "translation": [
        0,
        5.75,
        2
      ],
      "scale": [
        0.89,
        0.89,
        0.89
      ]
    },
    "firstperson_righthand": {
      "rotation": [
        -13,
        102,
        0
      ],
      "translation": [
        0,
        7.75,
        0
      ]
    },
    "firstperson_lefthand": {
      "rotation": [
        -13,
        102,
        0
      ],
      "translation": [
        0,
        7.75,
        0
      ]
    },
    "ground": {
      "translation": [
        0,
        5.25,
        0
      ]
    },
    "gui": {
      "rotation": [
        38,
        121,
        0
      ],
      "translation": [
        0.5,
        8.25,
        0
      ],
      "scale": [
        1.77,
        1.77,
        1.77
      ]
    },
    "head": {
      "translation": [
        0,
        14.25,
        0
      ]
    },
    "fixed": {
      "translation": [
        0,
        10.25,
        0
      ],
      "scale": [
        1.93,
        1.93,
        1.93
      ]
    }
  },
  "groups": [
    {
      "name": "grenade",
      "origin": [
        8,
        8,
        8
      ],
      "color": 0,
      "children": [
        0,
        1,
        2,
        3
      ]
    }
  ]
}