{
  "credit": "Made with Blockbench",
  "texture_size": [
    64,
    64
  ],
  "elements": [
    {
      "from": [
        0,
        13,
        0
      ],
      "to": [
        16,
        16,
        16
      ],
      "rotation": {
        "angle": 0,
        "axis": "y",
        "origin": [
          8,
          7.25,
          8
        ]
      },
      "faces": {
        "north": {
          "uv": [
            7,
            0,
            11,
            0.75
          ],
          "texture": "#0"
        },
        "east": {
          "uv": [
            7,
            0.75,
            11,
            1.5
          ],
          "texture": "#0"
        },
        "south": {
          "uv": [
            7,
            1.5,
            11,
            2.25
          ],
          "texture": "#0"
        },
        "west": {
          "uv": [
            7,
            2.25,
            11,
            3
          ],
          "texture": "#0"
        },
        "up": {
          "uv": [
            4,
            4,
            0,
            0
          ],
          "texture": "#0"
        },
        "down": {
          "uv": [
            4,
            4,
            0,
            8
          ],
          "texture": "#0"
        }
      }
    },
    {
      "from": [
        2,
        11,
        0
      ],
      "to": [
        14,
        13,
        16
      ],
      "rotation": {
        "angle": 0,
        "axis": "y",
        "origin": [
          8,
          7.25,
          8
        ]
      },
      "faces": {
        "north": {
          "uv": [
            7,
            4,
            10,
            4.5
          ],
          "texture": "#0"
        },
        "east": {
          "uv": [
            7,
            3,
            11,
            3.5
          ],
          "texture": "#0"
        },
        "south": {
          "uv": [
            7,
            4.5,
            10,
            5
          ],
          "texture": "#0"
        },
        "west": {
          "uv": [
            7,
            3.5,
            11,
            4
          ],
          "texture": "#0"
        },
        "up": {
          "uv": [
            7,
            4,
            4,
            0
          ],
          "texture": "#0"
        },
        "down": {
          "uv": [
            7,
            4,
            4,
            8
          ],
          "texture": "#0"
        }
      }
    }
  ],
  "display": {
    "thirdperson_righthand": {
      "rotation": [
        34,
        0,
        0
      ],
      "translation": [
        0,
        0,
        -4
      ],
      "scale": [
        0.64,
        0.64,
        0.64
      ]
    },
    "thirdperson_lefthand": {
      "rotation": [
        34,
        0,
        0
      ],
      "translation": [
        0,
        0,
        -4
      ],
      "scale": [
        0.64,
        0.64,
        0.64
      ]
    },
    "firstperson_righthand": {
      "rotation": [
        0,
        24,
        -146
      ],
      "translation": [
        3.5,
        5.5,
        0
      ]
    },
    "firstperson_lefthand": {
      "rotation": [
        0,
        24,
        -146
      ],
      "translation": [
        3.5,
        5.5,
        0
      ]
    },
    "ground": {
      "rotation": [
        0,
        0,
        180
      ],
      "translation": [
        0,
        4,
        0
      ],
      "scale": [
        0.64,
        0.64,
        0.64
      ]
    },
    "gui": {
      "rotation": [
        -27,
        34,
        0
      ],
      "translation": [
        0,
        -2.5,
        0
      ],
      "scale": [
        0.64,
        0.64,
        0.64
      ]
    },
    "head": {
      "rotation": [
        -90,
        0,
        180
      ],
      "translation": [
        0,
        0,
        -14.5
      ]
    }
  }
}