{
  "credit": "Made with Blockbench",
  "texture_size": [
    32,
    32
  ],
  "elements": [
    {
      "name": "Holder A",
      "from": [
        7.25,
        14,
        2
      ],
      "to": [
        9.25,
        16,
        7
      ],
      "rotation": {
        "angle": 0,
        "axis": "y",
        "origin": [
          7.25,
          14,
          6
        ]
      },
      "faces": {
        "north": {
          "uv": [
            6,
            1.5,
            7,
            4
          ],
          "texture": "#2"
        },
        "east": {
          "uv": [
            7,
            1.5,
            6,
            4
          ],
          "texture": "#2"
        },
        "south": {
          "uv": [
            6,
            1.5,
            7,
            4
          ],
          "texture": "#2"
        },
        "west": {
          "uv": [
            6,
            1.5,
            7,
            4
          ],
          "texture": "#2"
        },
        "up": {
          "uv": [
            6,
            1.5,
            7,
            4
          ],
          "rotation": 90,
          "texture": "#2"
        },
        "down": {
          "uv": [
            7,
            1.5,
            6,
            4
          ],
          "rotation": 90,
          "texture": "#2"
        }
      }
    },
    {
      "name": "Holder B",
      "from": [
        7.25,
        14,
        12
      ],
      "to": [
        9.25,
        16,
        17
      ],
      "rotation": {
        "angle": 0,
        "axis": "y",
        "origin": [
          7.25,
          14,
          16
        ]
      },
      "faces": {
        "north": {
          "uv": [
            6,
            1.5,
            7,
            4
          ],
          "texture": "#2"
        },
        "east": {
          "uv": [
            7,
            1.5,
            6,
            4
          ],
          "texture": "#2"
        },
        "south": {
          "uv": [
            6,
            1.5,
            7,
            4
          ],
          "texture": "#2"
        },
        "west": {
          "uv": [
            6,
            1.5,
            7,
            4
          ],
          "texture": "#2"
        },
        "up": {
          "uv": [
            6,
            1.5,
            7,
            4
          ],
          "rotation": 90,
          "texture": "#2"
        },
        "down": {
          "uv": [
            7,
            1.5,
            6,
            4
          ],
          "rotation": 90,
          "texture": "#2"
        }
      }
    }
  ],
  "display": {
    "thirdperson_righthand": {
      "translation": [
        0,
        -3.5,
        1
      ],
      "scale": [
        0.55,
        0.55,
        0.55
      ]
    },
    "thirdperson_lefthand": {
      "translation": [
        0,
        -3.25,
        1
      ],
      "scale": [
        0.55,
        0.55,
        0.55
      ]
    },
    "firstperson_righthand": {
      "rotation": [
        90,
        -12.5,
        0
      ],
      "translation": [
        5,
        -4.25,
        0
      ]
    },
    "firstperson_lefthand": {
      "rotation": [
        90,
        -12.5,
        0
      ],
      "translation": [
        5,
        7.25,
        -10.5
      ]
    },
    "ground": {
      "translation": [
        0,
        -1,
        0
      ]
    },
    "gui": {
      "rotation": [
        30,
        225,
        0
      ],
      "translation": [
        1,
        -2.25,
        0
      ],
      "scale": [
        0.45,
        0.45,
        0.45
      ]
    },
    "head": {
      "translation": [
        0,
        5.25,
        0
      ]
    },
    "fixed": {
      "rotation": [
        90,
        50,
        -90
      ],
      "translation": [
        3,
        3,
        0
      ]
    }
  },
  "groups": [
    {
      "name": "Body",
      "origin": [
        8,
        8,
        8
      ],
      "color": 0,
      "children": [
        0,
        1
      ]
    }
  ]
}