{
  "credit": "Made with Blockbench",
  "texture_size": [
    32,
    32
  ],
  "elements": [
    {
      "name": "Connector",
      "from": [
        6,
        12,
        -4
      ],
      "to": [
        9,
        15,
        -1
      ],
      "rotation": {
        "angle": -45,
        "axis": "z",
        "origin": [
          7.5,
          12.5,
          8
        ]
      },
      "faces": {
        "north": {
          "uv": [
            9.5,
            8.5,
            11,
            10
          ],
          "texture": "#2"
        },
        "east": {
          "uv": [
            9.5,
            8.5,
            11,
            10
          ],
          "texture": "#2"
        },
        "south": {
          "uv": [
            9.5,
            8.5,
            11,
            10
          ],
          "texture": "#2"
        },
        "west": {
          "uv": [
            9.5,
            8.5,
            11,
            10
          ],
          "texture": "#2"
        },
        "up": {
          "uv": [
            11,
            10,
            9.5,
            8.5
          ],
          "texture": "#2"
        },
        "down": {
          "uv": [
            11,
            8.5,
            9.5,
            10
          ],
          "texture": "#2"
        }
      }
    },
    {
      "name": "Payload",
      "from": [
        5.75,
        11.75,
        -13
      ],
      "to": [
        9.25,
        15.25,
        -4
      ],
      "rotation": {
        "angle": -45,
        "axis": "z",
        "origin": [
          7.5,
          12.5,
          -4
        ]
      },
      "faces": {
        "north": {
          "uv": [
            4.5,
            7.5,
            6.5,
            9.5
          ],
          "texture": "#2"
        },
        "east": {
          "uv": [
            7,
            1.5,
            11.5,
            3.5
          ],
          "texture": "#2"
        },
        "south": {
          "uv": [
            4.5,
            9.5,
            6.5,
            11.5
          ],
          "texture": "#2"
        },
        "west": {
          "uv": [
            11.5,
            1.5,
            7,
            3.5
          ],
          "texture": "#2"
        },
        "up": {
          "uv": [
            11.5,
            3.5,
            7,
            1.5
          ],
          "rotation": 90,
          "texture": "#2"
        },
        "down": {
          "uv": [
            7,
            3.5,
            11.5,
            1.5
          ],
          "rotation": 90,
          "texture": "#2"
        }
      }
    },
    {
      "name": "Fuze",
      "from": [
        6.75,
        12.75,
        -14
      ],
      "to": [
        9,
        15,
        -13
      ],
      "rotation": {
        "angle": -45,
        "axis": "z",
        "origin": [
          7.25,
          13.25,
          -6
        ]
      },
      "faces": {
        "north": {
          "uv": [
            5,
            8,
            6,
            9
          ],
          "texture": "#2"
        },
        "east": {
          "uv": [
            5,
            8,
            5.5,
            9
          ],
          "texture": "#2"
        },
        "south": {
          "uv": [
            5,
            8,
            6,
            9
          ],
          "texture": "#2"
        },
        "west": {
          "uv": [
            6,
            8,
            5,
            8.5
          ],
          "rotation": 90,
          "texture": "#2"
        },
        "up": {
          "uv": [
            5.5,
            9,
            6,
            8
          ],
          "rotation": 90,
          "texture": "#2"
        },
        "down": {
          "uv": [
            6,
            8.5,
            5,
            9
          ],
          "texture": "#2"
        }
      }
    },
    {
      "name": "Fin A",
      "from": [
        3,
        13.5,
        19
      ],
      "to": [
        8.25,
        13.5,
        26
      ],
      "rotation": {
        "angle": 45,
        "axis": "z",
        "origin": [
          9,
          11.5,
          23
        ]
      },
      "faces": {
        "north": {
          "uv": [
            0,
            0,
            2.5,
            0
          ],
          "texture": "#2"
        },
        "east": {
          "uv": [
            0,
            0,
            2.5,
            0
          ],
          "texture": "#2"
        },
        "south": {
          "uv": [
            0,
            0,
            2.5,
            0
          ],
          "texture": "#2"
        },
        "west": {
          "uv": [
            0,
            0,
            2.5,
            0
          ],
          "texture": "#2"
        },
        "up": {
          "uv": [
            9.5,
            7,
            7,
            3.5
          ],
          "texture": "#2"
        },
        "down": {
          "uv": [
            9.5,
            7,
            7,
            10.5
          ],
          "texture": "#2"
        }
      }
    },
    {
      "name": "Fin B",
      "from": [
        8,
        13.5,
        19
      ],
      "to": [
        13,
        13.5,
        26
      ],
      "rotation": {
        "angle": -45,
        "axis": "z",
        "origin": [
          7,
          11.5,
          23
        ]
      },
      "faces": {
        "north": {
          "uv": [
            2.5,
            7.5,
            0,
            11
          ],
          "texture": "#2"
        },
        "east": {
          "uv": [
            2.5,
            7.5,
            0,
            11
          ],
          "texture": "#2"
        },
        "south": {
          "uv": [
            2.5,
            7.5,
            0,
            11
          ],
          "texture": "#2"
        },
        "west": {
          "uv": [
            2.5,
            7.5,
            0,
            11
          ],
          "texture": "#2"
        },
        "up": {
          "uv": [
            2.5,
            11,
            0,
            7.5
          ],
          "texture": "#2"
        },
        "down": {
          "uv": [
            2.5,
            7.5,
            0,
            11
          ],
          "texture": "#2"
        }
      }
    },
    {
      "name": "Fin C",
      "from": [
        8,
        13,
        19
      ],
      "to": [
        8,
        18.5,
        26
      ],
      "rotation": {
        "angle": -45,
        "axis": "z",
        "origin": [
          10,
          12.5,
          23
        ]
      },
      "faces": {
        "north": {
          "uv": [
            3.5,
            4.5,
            7,
            7.5
          ],
          "texture": "#2"
        },
        "east": {
          "uv": [
            7,
            4.5,
            3.5,
            7.5
          ],
          "texture": "#2"
        },
        "south": {
          "uv": [
            3.5,
            4.5,
            7,
            7.5
          ],
          "texture": "#2"
        },
        "west": {
          "uv": [
            3.5,
            4.5,
            7,
            7.5
          ],
          "texture": "#2"
        },
        "up": {
          "uv": [
            3.5,
            4.5,
            7,
            7.5
          ],
          "texture": "#2"
        },
        "down": {
          "uv": [
            3.5,
            4.5,
            7,
            7.5
          ],
          "texture": "#2"
        }
      }
    },
    {
      "name": "Fin D",
      "from": [
        8,
        12.75,
        19
      ],
      "to": [
        8,
        18.5,
        26
      ],
      "rotation": {
        "angle": 45,
        "axis": "z",
        "origin": [
          6,
          12.5,
          23
        ]
      },
      "faces": {
        "north": {
          "uv": [
            3.5,
            1.5,
            7,
            4.5
          ],
          "texture": "#2"
        },
        "east": {
          "uv": [
            7,
            1.5,
            3.5,
            4.5
          ],
          "texture": "#2"
        },
        "south": {
          "uv": [
            3.5,
            1.5,
            7,
            4.5
          ],
          "texture": "#2"
        },
        "west": {
          "uv": [
            3.5,
            1.5,
            7,
            4.5
          ],
          "texture": "#2"
        },
        "up": {
          "uv": [
            3.5,
            1.5,
            7,
            4.5
          ],
          "texture": "#2"
        },
        "down": {
          "uv": [
            3.5,
            1.5,
            7,
            4.5
          ],
          "texture": "#2"
        }
      }
    },
    {
      "name": "Fin A",
      "from": [
        8,
        12.5,
        -5.5
      ],
      "to": [
        8,
        18.5,
        -1.5
      ],
      "rotation": {
        "angle": 45,
        "axis": "z",
        "origin": [
          6,
          12.5,
          -4.5
        ]
      },
      "faces": {
        "north": {
          "uv": [
            2.5,
            7.5,
            4.5,
            10.5
          ],
          "texture": "#2"
        },
        "east": {
          "uv": [
            12.5,
            3.5,
            9.5,
            5.5
          ],
          "texture": "#2"
        },
        "south": {
          "uv": [
            2.5,
            7.5,
            4.5,
            10.5
          ],
          "texture": "#2"
        },
        "west": {
          "uv": [
            9.5,
            3.5,
            12.5,
            5.5
          ],
          "texture": "#2"
        },
        "up": {
          "uv": [
            4.5,
            10.5,
            2.5,
            7.5
          ],
          "texture": "#2"
        },
        "down": {
          "uv": [
            4.5,
            7.5,
            2.5,
            10.5
          ],
          "texture": "#2"
        }
      }
    },
    {
      "name": "Fin B",
      "from": [
        3,
        13.5,
        -5.5
      ],
      "to": [
        9,
        13.5,
        -1.5
      ],
      "rotation": {
        "angle": 45,
        "axis": "z",
        "origin": [
          9,
          11.5,
          -2.5
        ]
      },
      "faces": {
        "north": {
          "uv": [
            0,
            0,
            3,
            0
          ],
          "texture": "#2"
        },
        "east": {
          "uv": [
            0,
            0,
            3,
            0
          ],
          "texture": "#2"
        },
        "south": {
          "uv": [
            0,
            0,
            3,
            0
          ],
          "texture": "#2"
        },
        "west": {
          "uv": [
            0,
            0,
            3,
            0
          ],
          "texture": "#2"
        },
        "up": {
          "uv": [
            9.5,
            3.5,
            12.5,
            5.5
          ],
          "texture": "#2"
        },
        "down": {
          "uv": [
            9.5,
            5.5,
            12.5,
            3.5
          ],
          "texture": "#2"
        }
      }
    },
    {
      "name": "Fin C",
      "from": [
        7,
        13.5,
        -5.5
      ],
      "to": [
        13,
        13.5,
        -1.5
      ],
      "rotation": {
        "angle": -45,
        "axis": "z",
        "origin": [
          7,
          11.5,
          -2.5
        ]
      },
      "faces": {
        "north": {
          "uv": [
            12.5,
            5.5,
            9.5,
            3.5
          ],
          "texture": "#2"
        },
        "east": {
          "uv": [
            12.5,
            5.5,
            9.5,
            3.5
          ],
          "texture": "#2"
        },
        "south": {
          "uv": [
            12.5,
            5.5,
            9.5,
            3.5
          ],
          "texture": "#2"
        },
        "west": {
          "uv": [
            12.5,
            5.5,
            9.5,
            3.5
          ],
          "texture": "#2"
        },
        "up": {
          "uv": [
            12.5,
            3.5,
            9.5,
            5.5
          ],
          "texture": "#2"
        },
        "down": {
          "uv": [
            12.5,
            5.5,
            9.5,
            3.5
          ],
          "texture": "#2"
        }
      }
    },
    {
      "name": "Fin D",
      "from": [
        8,
        12.5,
        -5.5
      ],
      "to": [
        8,
        18.5,
        -1.5
      ],
      "rotation": {
        "angle": -45,
        "axis": "z",
        "origin": [
          10,
          12.5,
          -4.5
        ]
      },
      "faces": {
        "north": {
          "uv": [
            0,
            0,
            0,
            3
          ],
          "texture": "#2"
        },
        "east": {
          "uv": [
            12.5,
            3.5,
            9.5,
            5.5
          ],
          "texture": "#2"
        },
        "south": {
          "uv": [
            0,
            0,
            0,
            3
          ],
          "texture": "#2"
        },
        "west": {
          "uv": [
            9.5,
            3.5,
            12.5,
            5.5
          ],
          "texture": "#2"
        },
        "up": {
          "uv": [
            0,
            3,
            0,
            0
          ],
          "texture": "#2"
        },
        "down": {
          "uv": [
            0,
            0,
            0,
            3
          ],
          "texture": "#2"
        }
      }
    },
    {
      "name": "Fuselage",
      "from": [
        6,
        12,
        -1
      ],
      "to": [
        9,
        15,
        27
      ],
      "rotation": {
        "angle": -45,
        "axis": "z",
        "origin": [
          7.5,
          12.5,
          8
        ]
      },
      "faces": {
        "north": {
          "uv": [
            9.5,
            5.5,
            11,
            7
          ],
          "texture": "#2"
        },
        "east": {
          "uv": [
            14,
            0,
            0,
            1.5
          ],
          "texture": "#2"
        },
        "south": {
          "uv": [
            9.5,
            7,
            11,
            8.5
          ],
          "texture": "#2"
        },
        "west": {
          "uv": [
            0,
            0,
            14,
            1.5
          ],
          "texture": "#2"
        },
        "up": {
          "uv": [
            0,
            1.5,
            14,
            0
          ],
          "rotation": 90,
          "texture": "#2"
        },
        "down": {
          "uv": [
            14.125,
            1.5,
            0,
            0
          ],
          "rotation": 90,
          "texture": "#2"
        }
      }
    },
    {
      "name": "Holder A",
      "from": [
        7.25,
        14,
        2
      ],
      "to": [
        9.25,
        16,
        7
      ],
      "rotation": {
        "angle": 0,
        "axis": "y",
        "origin": [
          7.25,
          14,
          6
        ]
      },
      "faces": {
        "north": {
          "uv": [
            6,
            1.5,
            7,
            4
          ],
          "texture": "#2"
        },
        "east": {
          "uv": [
            7,
            1.5,
            6,
            4
          ],
          "texture": "#2"
        },
        "south": {
          "uv": [
            6,
            1.5,
            7,
            4
          ],
          "texture": "#2"
        },
        "west": {
          "uv": [
            6,
            1.5,
            7,
            4
          ],
          "texture": "#2"
        },
        "up": {
          "uv": [
            6,
            1.5,
            7,
            4
          ],
          "rotation": 90,
          "texture": "#2"
        },
        "down": {
          "uv": [
            7,
            1.5,
            6,
            4
          ],
          "rotation": 90,
          "texture": "#2"
        }
      }
    },
    {
      "name": "Holder B",
      "from": [
        7.25,
        14,
        12
      ],
      "to": [
        9.25,
        16,
        17
      ],
      "rotation": {
        "angle": 0,
        "axis": "y",
        "origin": [
          7.25,
          14,
          16
        ]
      },
      "faces": {
        "north": {
          "uv": [
            6,
            1.5,
            7,
            4
          ],
          "texture": "#2"
        },
        "east": {
          "uv": [
            7,
            1.5,
            6,
            4
          ],
          "texture": "#2"
        },
        "south": {
          "uv": [
            6,
            1.5,
            7,
            4
          ],
          "texture": "#2"
        },
        "west": {
          "uv": [
            6,
            1.5,
            7,
            4
          ],
          "texture": "#2"
        },
        "up": {
          "uv": [
            6,
            1.5,
            7,
            4
          ],
          "rotation": 90,
          "texture": "#2"
        },
        "down": {
          "uv": [
            7,
            1.5,
            6,
            4
          ],
          "rotation": 90,
          "texture": "#2"
        }
      }
    }
  ],
  "display": {
    "thirdperson_righthand": {
      "translation": [
        0,
        -3,
        1
      ],
      "scale": [
        0.55,
        0.55,
        0.55
      ]
    },
    "thirdperson_lefthand": {
      "translation": [
        0,
        -3.25,
        1
      ],
      "scale": [
        0.55,
        0.55,
        0.55
      ]
    },
    "firstperson_righthand": {
      "rotation": [
        90,
        -12.5,
        0
      ],
      "translation": [
        -1.75,
        -6.75,
        0
      ]
    },
    "firstperson_lefthand": {
      "rotation": [
        90,
        -12.5,
        0
      ],
      "translation": [
        -3.5,
        -3.75,
        0
      ]
    },
    "ground": {
      "translation": [
        0,
        -1.75,
        0
      ]
    },
    "gui": {
      "rotation": [
        30,
        225,
        0
      ],
      "translation": [
        -0.25,
        -2,
        0
      ],
      "scale": [
        0.45,
        0.45,
        0.45
      ]
    },
    "head": {
      "translation": [
        0,
        5.25,
        0
      ]
    },
    "fixed": {
      "rotation": [
        90,
        50,
        -90
      ],
      "translation": [
        -0.25,
        3,
        0
      ]
    }
  },
  "groups": [
    {
      "name": "Warhead",
      "origin": [
        7.5,
        1.5,
        -4
      ],
      "color": 0,
      "children": [
        0,
        1,
        2
      ]
    },
    {
      "name": "Fins",
      "origin": [
        9,
        0.5,
        23
      ],
      "color": 0,
      "children": [
        {
          "name": "Rear",
          "origin": [
            10,
            1.5,
            23
          ],
          "color": 0,
          "children": [
            3,
            4,
            5,
            6
          ]
        },
        {
          "name": "Frontal",
          "origin": [
            9,
            0.5,
            -2.5
          ],
          "color": 0,
          "children": [
            7,
            8,
            9,
            10
          ]
        }
      ]
    },
    {
      "name": "Body",
      "origin": [
        8,
        8,
        8
      ],
      "color": 0,
      "children": [
        11,
        12,
        13
      ]
    }
  ]
}