{
  "credit": "Made with Blockbench",
  "texture_size": [
    64,
    64
  ],
  "elements": [
    {
      "from": [
        7,
        13,
        1
      ],
      "to": [
        9,
        16,
        15
      ],
      "rotation": {
        "angle": 0,
        "axis": "y",
        "origin": [
          7,
          14,
          4
        ]
      },
      "faces": {
        "north": {
          "uv": [
            3,
            7.5,
            3.5,
            8.25
          ],
          "texture": "#0"
        },
        "east": {
          "uv": [
            7.5,
            0,
            11,
            0.75
          ],
          "texture": "#0"
        },
        "south": {
          "uv": [
            3.5,
            7.5,
            4,
            8.25
          ],
          "texture": "#0"
        },
        "west": {
          "uv": [
            7.5,
            0.75,
            11,
            1.5
          ],
          "texture": "#0"
        },
        "up": {
          "uv": [
            8,
            5,
            7.5,
            1.5
          ],
          "texture": "#0"
        },
        "down": {
          "uv": [
            3,
            7.5,
            2.5,
            11
          ],
          "texture": "#0"
        }
      }
    },
    {
      "from": [
        3,
        2,
        -2
      ],
      "to": [
        13,
        12,
        18
      ],
      "rotation": {
        "angle": 45,
        "axis": "z",
        "origin": [
          8,
          7,
          0
        ]
      },
      "faces": {
        "north": {
          "uv": [
            2.5,
            5,
            5,
            7.5
          ],
          "texture": "#0"
        },
        "east": {
          "uv": [
            0,
            0,
            5,
            2.5
          ],
          "texture": "#0"
        },
        "south": {
          "uv": [
            5,
            5,
            7.5,
            7.5
          ],
          "texture": "#0"
        },
        "west": {
          "uv": [
            0,
            2.5,
            5,
            5
          ],
          "texture": "#0"
        },
        "up": {
          "uv": [
            2.5,
            10,
            0,
            5
          ],
          "texture": "#0"
        },
        "down": {
          "uv": [
            7.5,
            0,
            5,
            5
          ],
          "texture": "#0"
        }
      }
    }
  ],
  "display": {
    "thirdperson_righthand": {
      "rotation": [
        0,
        0,
        180
      ],
      "translation": [
        -12,
        6,
        -0.5
      ]
    },
    "ground": {
      "translation": [
        0,
        4.5,
        0
      ]
    },
    "gui": {
      "rotation": [
        32,
        43,
        0
      ],
      "scale": [
        0.6,
        0.6,
        0.6
      ]
    }
  },
  "groups": [
    {
      "name": "main",
      "origin": [
        8,
        7,
        0
      ],
      "color": 0,
      "children": [
        0,
        1
      ]
    }
  ]
}