{
  "credit": "Made with Blockbench",
  "texture_size": [
    64,
    64
  ],
  "elements": [
    {
      "from": [
        4,
        6,
        -4
      ],
      "to": [
        12,
        14,
        12
      ],
      "rotation": {
        "angle": 0,
        "axis": "y",
        "origin": [
          8,
          10,
          8
        ]
      },
      "faces": {
        "north": {
          "uv": [
            6,
            4,
            8,
            6
          ],
          "texture": "#1"
        },
        "east": {
          "uv": [
            0,
            0,
            4,
            2
          ],
          "texture": "#1"
        },
        "south": {
          "uv": [
            6,
            2,
            8,
            4
          ],
          "texture": "#1"
        },
        "west": {
          "uv": [
            0,
            2,
            4,
            4
          ],
          "texture": "#1"
        },
        "up": {
          "uv": [
            4,
            6,
            0,
            4
          ],
          "rotation": 90,
          "texture": "#1"
        },
        "down": {
          "uv": [
            8,
            0,
            4,
            2
          ],
          "rotation": 270,
          "texture": "#1"
        }
      }
    },
    {
      "from": [
        7,
        9,
        12
      ],
      "to": [
        9,
        11,
        20
      ],
      "rotation": {
        "angle": 0,
        "axis": "y",
        "origin": [
          8,
          10,
          8
        ]
      },
      "faces": {
        "north": {
          "uv": [
            8,
            3.5,
            8.5,
            4
          ],
          "texture": "#1"
        },
        "east": {
          "uv": [
            6,
            6,
            8,
            6.5
          ],
          "texture": "#1"
        },
        "south": {
          "uv": [
            8,
            3,
            8.5,
            3.5
          ],
          "texture": "#1"
        },
        "west": {
          "uv": [
            6,
            6.5,
            8,
            7
          ],
          "texture": "#1"
        },
        "up": {
          "uv": [
            8,
            7.5,
            6,
            7
          ],
          "rotation": 90,
          "texture": "#1"
        },
        "down": {
          "uv": [
            8,
            7.5,
            6,
            8
          ],
          "rotation": 270,
          "texture": "#1"
        }
      }
    },
    {
      "from": [
        8,
        4,
        12
      ],
      "to": [
        8,
        16,
        20
      ],
      "rotation": {
        "angle": -45,
        "axis": "z",
        "origin": [
          8,
          10,
          8
        ]
      },
      "faces": {
        "north": {
          "uv": [
            0,
            0,
            0,
            3
          ],
          "texture": "#1"
        },
        "east": {
          "uv": [
            4,
            2,
            6,
            5
          ],
          "texture": "#1"
        },
        "south": {
          "uv": [
            0,
            0,
            0,
            3
          ],
          "texture": "#1"
        },
        "west": {
          "uv": [
            4,
            5,
            6,
            8
          ],
          "texture": "#1"
        },
        "up": {
          "uv": [
            2,
            0,
            0,
            0
          ],
          "rotation": 90,
          "texture": "#1"
        },
        "down": {
          "uv": [
            2,
            0,
            0,
            0
          ],
          "rotation": 270,
          "texture": "#1"
        }
      }
    },
    {
      "from": [
        8,
        4,
        12
      ],
      "to": [
        8,
        16,
        20
      ],
      "rotation": {
        "angle": 45,
        "axis": "z",
        "origin": [
          8,
          10,
          8
        ]
      },
      "faces": {
        "north": {
          "uv": [
            0,
            0,
            0,
            3
          ],
          "texture": "#1"
        },
        "east": {
          "uv": [
            0,
            6,
            2,
            9
          ],
          "texture": "#1"
        },
        "south": {
          "uv": [
            0,
            0,
            0,
            3
          ],
          "texture": "#1"
        },
        "west": {
          "uv": [
            2,
            6,
            4,
            9
          ],
          "texture": "#1"
        },
        "up": {
          "uv": [
            2,
            0,
            0,
            0
          ],
          "rotation": 90,
          "texture": "#1"
        },
        "down": {
          "uv": [
            2,
            0,
            0,
            0
          ],
          "rotation": 270,
          "texture": "#1"
        }
      }
    }
  ],
  "display": {
    "thirdperson_righthand": {
      "rotation": [
        90,
        0,
        0
      ]
    },
    "thirdperson_lefthand": {
      "rotation": [
        90,
        0,
        0
      ]
    },
    "firstperson_righthand": {
      "rotation": [
        57,
        0,
        0
      ]
    },
    "firstperson_lefthand": {
      "rotation": [
        57,
        0,
        0
      ]
    },
    "gui": {
      "rotation": [
        30,
        128,
        0
      ],
      "translation": [
        1.25,
        -1.75,
        0
      ]
    },
    "head": {
      "translation": [
        0,
        8.5,
        0
      ]
    },
    "fixed": {
      "rotation": [
        90,
        45,
        0
      ],
      "translation": [
        0,
        0,
        -4.5
      ]
    }
  }
}