{
  "credit": "Made with Blockbench",
  "texture_size": [
    64,
    64
  ],
  "elements": [
    {
      "from": [
        7,
        14,
        1
      ],
      "to": [
        9,
        16,
        9
      ],
      "rotation": {
        "angle": 0,
        "axis": "y",
        "origin": [
          7,
          14,
          2
        ]
      },
      "faces": {
        "north": {
          "uv": [
            2,
            4,
            2.5,
            4.5
          ],
          "texture": "#0"
        },
        "east": {
          "uv": [
            2.25,
            0.25,
            4.25,
            0.75
          ],
          "texture": "#0"
        },
        "south": {
          "uv": [
            4,
            3.5,
            4.5,
            4
          ],
          "texture": "#0"
        },
        "west": {
          "uv": [
            0.25,
            0.25,
            2.25,
            0.75
          ],
          "texture": "#0"
        },
        "up": {
          "uv": [
            0,
            1,
            0.5,
            3
          ],
          "texture": "#0"
        },
        "down": {
          "uv": [
            3.75,
            1.25,
            4.25,
            3.25
          ],
          "texture": "#0"
        }
      }
    },
    {
      "from": [
        12,
        6,
        19
      ],
      "to": [
        12,
        14,
        20
      ],
      "rotation": {
        "angle": 0,
        "axis": "y",
        "origin": [
          12,
          9,
          18
        ]
      },
      "faces": {
        "north": {
          "uv": [
            0,
            0,
            0,
            2
          ],
          "texture": "#0"
        },
        "east": {
          "uv": [
            6.25,
            9.25,
            6.5,
            11.25
          ],
          "texture": "#0"
        },
        "south": {
          "uv": [
            0,
            0,
            0,
            2
          ],
          "texture": "#0"
        },
        "west": {
          "uv": [
            6.5,
            9.25,
            6.75,
            11.25
          ],
          "texture": "#0"
        },
        "up": {
          "uv": [
            0,
            0.25,
            0,
            0
          ],
          "texture": "#0"
        },
        "down": {
          "uv": [
            0,
            0,
            0,
            0.25
          ],
          "texture": "#0"
        }
      }
    },
    {
      "from": [
        4,
        6,
        19
      ],
      "to": [
        12,
        6,
        20
      ],
      "rotation": {
        "angle": 0,
        "axis": "y",
        "origin": [
          4,
          6,
          19
        ]
      },
      "faces": {
        "north": {
          "uv": [
            0,
            0,
            2,
            0
          ],
          "texture": "#0"
        },
        "east": {
          "uv": [
            0,
            0,
            0.25,
            0
          ],
          "texture": "#0"
        },
        "south": {
          "uv": [
            0,
            0,
            2,
            0
          ],
          "texture": "#0"
        },
        "west": {
          "uv": [
            0,
            0,
            0.25,
            0
          ],
          "texture": "#0"
        },
        "up": {
          "uv": [
            11.25,
            9.5,
            9.25,
            9.25
          ],
          "texture": "#0"
        },
        "down": {
          "uv": [
            11.5,
            0,
            9.5,
            0.25
          ],
          "texture": "#0"
        }
      }
    },
    {
      "from": [
        4,
        14,
        19
      ],
      "to": [
        12,
        14,
        20
      ],
      "rotation": {
        "angle": 0,
        "axis": "y",
        "origin": [
          4,
          14,
          19
        ]
      },
      "faces": {
        "north": {
          "uv": [
            0,
            0,
            2,
            0
          ],
          "texture": "#0"
        },
        "east": {
          "uv": [
            0,
            0,
            0.25,
            0
          ],
          "texture": "#0"
        },
        "south": {
          "uv": [
            0,
            0,
            2,
            0
          ],
          "texture": "#0"
        },
        "west": {
          "uv": [
            0,
            0,
            0.25,
            0
          ],
          "texture": "#0"
        },
        "up": {
          "uv": [
            11.25,
            5,
            9.25,
            4.75
          ],
          "texture": "#0"
        },
        "down": {
          "uv": [
            11.25,
            9,
            9.25,
            9.25
          ],
          "texture": "#0"
        }
      }
    },
    {
      "from": [
        4,
        6,
        19
      ],
      "to": [
        4,
        14,
        20
      ],
      "rotation": {
        "angle": 0,
        "axis": "y",
        "origin": [
          4,
          9,
          18
        ]
      },
      "faces": {
        "north": {
          "uv": [
            0,
            0,
            0,
            2
          ],
          "texture": "#0"
        },
        "east": {
          "uv": [
            5.75,
            9.25,
            6,
            11.25
          ],
          "texture": "#0"
        },
        "south": {
          "uv": [
            0,
            0,
            0,
            2
          ],
          "texture": "#0"
        },
        "west": {
          "uv": [
            6,
            9.25,
            6.25,
            11.25
          ],
          "texture": "#0"
        },
        "up": {
          "uv": [
            0,
            0.25,
            0,
            0
          ],
          "texture": "#0"
        },
        "down": {
          "uv": [
            0,
            0,
            0,
            0.25
          ],
          "texture": "#0"
        }
      }
    },
    {
      "from": [
        8,
        3,
        12
      ],
      "to": [
        8,
        17,
        21
      ],
      "rotation": {
        "angle": 45,
        "axis": "z",
        "origin": [
          8,
          10,
          12
        ]
      },
      "faces": {
        "north": {
          "uv": [
            0,
            0,
            0,
            3.5
          ],
          "texture": "#0"
        },
        "east": {
          "uv": [
            0,
            3.5,
            2.25,
            7
          ],
          "texture": "#0"
        },
        "south": {
          "uv": [
            0,
            0,
            0,
            3.5
          ],
          "texture": "#0"
        },
        "west": {
          "uv": [
            2.25,
            3.5,
            4.5,
            7
          ],
          "texture": "#0"
        },
        "up": {
          "uv": [
            0,
            2.25,
            0,
            0
          ],
          "texture": "#0"
        },
        "down": {
          "uv": [
            0,
            0,
            0,
            2.25
          ],
          "texture": "#0"
        }
      }
    },
    {
      "from": [
        8,
        3,
        12
      ],
      "to": [
        8,
        17,
        21
      ],
      "rotation": {
        "angle": -45,
        "axis": "z",
        "origin": [
          8,
          10,
          12
        ]
      },
      "faces": {
        "north": {
          "uv": [
            0,
            0,
            0,
            3.5
          ],
          "texture": "#0"
        },
        "east": {
          "uv": [
            0,
            0,
            2.25,
            3.5
          ],
          "texture": "#0"
        },
        "south": {
          "uv": [
            0,
            0,
            0,
            3.5
          ],
          "texture": "#0"
        },
        "west": {
          "uv": [
            2.25,
            0,
            4.5,
            3.5
          ],
          "texture": "#0"
        },
        "up": {
          "uv": [
            0,
            2.25,
            0,
            0
          ],
          "texture": "#0"
        },
        "down": {
          "uv": [
            0,
            0,
            0,
            2.25
          ],
          "texture": "#0"
        }
      }
    },
    {
      "from": [
        6.5,
        8.5,
        14
      ],
      "to": [
        9.5,
        11.5,
        18
      ],
      "rotation": {
        "angle": 0,
        "axis": "y",
        "origin": [
          7,
          9,
          14
        ]
      },
      "faces": {
        "north": {
          "uv": [
            9.25,
            3,
            10,
            3.75
          ],
          "texture": "#0"
        },
        "east": {
          "uv": [
            2.5,
            9,
            3.5,
            9.75
          ],
          "texture": "#0"
        },
        "south": {
          "uv": [
            3.5,
            9.25,
            4.25,
            10
          ],
          "texture": "#0"
        },
        "west": {
          "uv": [
            7.5,
            9,
            8.5,
            9.75
          ],
          "texture": "#0"
        },
        "up": {
          "uv": [
            9.75,
            8.5,
            9,
            7.5
          ],
          "texture": "#0"
        },
        "down": {
          "uv": [
            9.25,
            9,
            8.5,
            10
          ],
          "texture": "#0"
        }
      }
    },
    {
      "from": [
        5,
        7,
        12
      ],
      "to": [
        11,
        13,
        14
      ],
      "rotation": {
        "angle": 0,
        "axis": "y",
        "origin": [
          7,
          9,
          12
        ]
      },
      "faces": {
        "north": {
          "uv": [
            7.5,
            7.5,
            9,
            9
          ],
          "texture": "#0"
        },
        "east": {
          "uv": [
            0,
            9,
            0.5,
            10.5
          ],
          "texture": "#0"
        },
        "south": {
          "uv": [
            8,
            0,
            9.5,
            1.5
          ],
          "texture": "#0"
        },
        "west": {
          "uv": [
            0.5,
            9,
            1,
            10.5
          ],
          "texture": "#0"
        },
        "up": {
          "uv": [
            10.25,
            3,
            8.75,
            2.5
          ],
          "texture": "#0"
        },
        "down": {
          "uv": [
            2.5,
            9,
            1,
            9.5
          ],
          "texture": "#0"
        }
      }
    },
    {
      "from": [
        6,
        8,
        -7
      ],
      "to": [
        10,
        12,
        -5
      ],
      "rotation": {
        "angle": 0,
        "axis": "y",
        "origin": [
          7,
          9,
          -7
        ]
      },
      "faces": {
        "north": {
          "uv": [
            8.5,
            6.5,
            9.5,
            7.5
          ],
          "texture": "#0"
        },
        "east": {
          "uv": [
            9.25,
            3.75,
            9.75,
            4.75
          ],
          "texture": "#0"
        },
        "south": {
          "uv": [
            8.75,
            1.5,
            9.75,
            2.5
          ],
          "texture": "#0"
        },
        "west": {
          "uv": [
            4.25,
            9.25,
            4.75,
            10.25
          ],
          "texture": "#0"
        },
        "up": {
          "uv": [
            10,
            9,
            9,
            8.5
          ],
          "texture": "#0"
        },
        "down": {
          "uv": [
            5.75,
            9.25,
            4.75,
            9.75
          ],
          "texture": "#0"
        }
      }
    },
    {
      "from": [
        4.5,
        6.5,
        -5
      ],
      "to": [
        11.5,
        13.5,
        -2
      ],
      "rotation": {
        "angle": 0,
        "axis": "y",
        "origin": [
          7,
          8,
          -5
        ]
      },
      "faces": {
        "north": {
          "uv": [
            4,
            7.5,
            5.75,
            9.25
          ],
          "texture": "#0"
        },
        "east": {
          "uv": [
            8,
            1.5,
            8.75,
            3.25
          ],
          "texture": "#0"
        },
        "south": {
          "uv": [
            5.75,
            7.5,
            7.5,
            9.25
          ],
          "texture": "#0"
        },
        "west": {
          "uv": [
            8.5,
            3.25,
            9.25,
            5
          ],
          "texture": "#0"
        },
        "up": {
          "uv": [
            10.25,
            5.75,
            8.5,
            5
          ],
          "texture": "#0"
        },
        "down": {
          "uv": [
            10.25,
            5.75,
            8.5,
            6.5
          ],
          "texture": "#0"
        }
      }
    },
    {
      "from": [
        4,
        6,
        -2
      ],
      "to": [
        12,
        14,
        12
      ],
      "rotation": {
        "angle": 0,
        "axis": "y",
        "origin": [
          7,
          9,
          -2
        ]
      },
      "faces": {
        "north": {
          "uv": [
            0,
            7,
            2,
            9
          ],
          "texture": "#0"
        },
        "east": {
          "uv": [
            4.5,
            0,
            8,
            2
          ],
          "texture": "#0"
        },
        "south": {
          "uv": [
            2,
            7,
            4,
            9
          ],
          "texture": "#0"
        },
        "west": {
          "uv": [
            4.5,
            2,
            8,
            4
          ],
          "texture": "#0"
        },
        "up": {
          "uv": [
            6.5,
            7.5,
            4.5,
            4
          ],
          "texture": "#0"
        },
        "down": {
          "uv": [
            8.5,
            4,
            6.5,
            7.5
          ],
          "texture": "#0"
        }
      }
    }
  ],
  "display": {
    "thirdperson_righthand": {
      "rotation": [
        102,
        0,
        0
      ],
      "scale": [
        0.64,
        0.64,
        0.64
      ]
    },
    "thirdperson_lefthand": {
      "rotation": [
        102,
        0,
        0
      ],
      "scale": [
        0.64,
        0.64,
        0.64
      ]
    },
    "firstperson_righthand": {
      "rotation": [
        60,
        0,
        0
      ],
      "translation": [
        5.75,
        0,
        0
      ]
    },
    "firstperson_lefthand": {
      "rotation": [
        60,
        0,
        0
      ],
      "translation": [
        5.75,
        0,
        0
      ]
    },
    "ground": {
      "translation": [
        0,
        1.5,
        0
      ],
      "scale": [
        0.64,
        0.64,
        0.64
      ]
    },
    "gui": {
      "rotation": [
        19,
        -149,
        0
      ],
      "translation": [
        0.5,
        -2,
        0
      ],
      "scale": [
        0.64,
        0.64,
        0.64
      ]
    },
    "head": {
      "rotation": [
        90,
        -0.5,
        180
      ],
      "translation": [
        0,
        19.25,
        0
      ]
    },
    "fixed": {
      "rotation": [
        -90,
        0,
        0
      ]
    }
  }
}