{
  "credit": "Made with Blockbench",
  "texture_size": [
    64,
    64
  ],
  "elements": [
    {
      "from": [
        2,
        0,
        1
      ],
      "to": [
        14,
        6,
        11
      ],
      "rotation": {
        "angle": 0,
        "axis": "y",
        "origin": [
          2,
          0,
          0
        ]
      },
      "faces": {
        "north": {
          "uv": [
            0,
            5,
            3,
            6.5
          ],
          "texture": "#1"
        },
        "east": {
          "uv": [
            6,
            0,
            8.5,
            1.5
          ],
          "texture": "#1"
        },
        "south": {
          "uv": [
            3,
            5,
            6,
            6.5
          ],
          "texture": "#1"
        },
        "west": {
          "uv": [
            6,
            1.5,
            8.5,
            3
          ],
          "texture": "#1"
        },
        "up": {
          "uv": [
            6,
            2.5,
            3,
            0
          ],
          "texture": "#1"
        },
        "down": {
          "uv": [
            6,
            2.5,
            3,
            5
          ],
          "texture": "#1"
        }
      }
    },
    {
      "from": [
        1,
        4,
        9
      ],
      "to": [
        2,
        13,
        10
      ],
      "rotation": {
        "angle": 0,
        "axis": "x",
        "origin": [
          1,
          4,
          9
        ]
      },
      "faces": {
        "north": {
          "uv": [
            0.75,
            6.5,
            1,
            8.75
          ],
          "texture": "#1"
        },
        "east": {
          "uv": [
            1,
            6.5,
            1.25,
            8.75
          ],
          "texture": "#1"
        },
        "south": {
          "uv": [
            1.25,
            6.5,
            1.5,
            8.75
          ],
          "texture": "#1"
        },
        "west": {
          "uv": [
            1.5,
            6.5,
            1.75,
            8.75
          ],
          "texture": "#1"
        },
        "up": {
          "uv": [
            3,
            6.75,
            2.75,
            6.5
          ],
          "texture": "#1"
        },
        "down": {
          "uv": [
            3.25,
            6.5,
            3,
            6.75
          ],
          "texture": "#1"
        }
      }
    },
    {
      "from": [
        1,
        4,
        5
      ],
      "to": [
        2,
        12,
        6
      ],
      "rotation": {
        "angle": 0,
        "axis": "x",
        "origin": [
          1,
          4,
          5
        ]
      },
      "faces": {
        "north": {
          "uv": [
            1.75,
            6.5,
            2,
            8.5
          ],
          "texture": "#1"
        },
        "east": {
          "uv": [
            2,
            6.5,
            2.25,
            8.5
          ],
          "texture": "#1"
        },
        "south": {
          "uv": [
            2.25,
            6.5,
            2.5,
            8.5
          ],
          "texture": "#1"
        },
        "west": {
          "uv": [
            2.5,
            6.5,
            2.75,
            8.5
          ],
          "texture": "#1"
        },
        "up": {
          "uv": [
            3.5,
            6.75,
            3.25,
            6.5
          ],
          "texture": "#1"
        },
        "down": {
          "uv": [
            3.75,
            6.5,
            3.5,
            6.75
          ],
          "texture": "#1"
        }
      }
    },
    {
      "from": [
        2,
        6,
        11
      ],
      "to": [
        14,
        16,
        14
      ],
      "rotation": {
        "angle": 22.5,
        "axis": "x",
        "origin": [
          2,
          6,
          11
        ]
      },
      "faces": {
        "north": {
          "uv": [
            0,
            0,
            3,
            2.5
          ],
          "texture": "#1"
        },
        "east": {
          "uv": [
            6,
            4.5,
            6.75,
            7
          ],
          "texture": "#1"
        },
        "south": {
          "uv": [
            0,
            2.5,
            3,
            5
          ],
          "texture": "#1"
        },
        "west": {
          "uv": [
            0,
            6.5,
            0.75,
            9
          ],
          "texture": "#1"
        },
        "up": {
          "uv": [
            9,
            3.75,
            6,
            3
          ],
          "texture": "#1"
        },
        "down": {
          "uv": [
            9,
            3.75,
            6,
            4.5
          ],
          "texture": "#1"
        }
      }
    }
  ],
  "display": {
    "thirdperson_righthand": {
      "rotation": [
        49,
        180,
        0
      ],
      "translation": [
        0,
        5.5,
        1.5
      ],
      "scale": [
        0.64,
        0.64,
        0.64
      ]
    },
    "thirdperson_lefthand": {
      "rotation": [
        49,
        180,
        0
      ],
      "translation": [
        0,
        5.5,
        1.5
      ],
      "scale": [
        0.64,
        0.64,
        0.64
      ]
    },
    "firstperson_righthand": {
      "rotation": [
        0,
        153,
        0
      ],
      "translation": [
        7.5,
        0,
        -6.75
      ]
    },
    "firstperson_lefthand": {
      "rotation": [
        0,
        153,
        0
      ],
      "translation": [
        7.5,
        0,
        -6.75
      ]
    },
    "ground": {
      "translation": [
        0,
        3.75,
        0
      ],
      "scale": [
        0.64,
        0.64,
        0.64
      ]
    },
    "gui": {
      "rotation": [
        25,
        -142,
        0
      ],
      "translation": [
        0.5,
        0.25,
        0
      ],
      "scale": [
        0.74,
        0.74,
        0.74
      ]
    },
    "head": {
      "translation": [
        0,
        0,
        0.75
      ],
      "scale": [
        1.29,
        1,
        1.23
      ]
    },
    "fixed": {
      "rotation": [
        -50,
        0,
        0
      ],
      "translation": [
        0,
        0,
        -3.25
      ]
    }
  },
  "groups": [
    0,
    1,
    2,
    {
      "name": "ddawd",
      "origin": [
        0,
        0,
        0
      ],
      "color": 0,
      "children": [
        3
      ]
    }
  ]
}