{
  "credit": "Made with Blockbench",
  "texture_size": [
    32,
    32
  ],
  "elements": [
    {
      "from": [
        2,
        4,
        15
      ],
      "to": [
        14,
        12,
        16
      ],
      "rotation": {
        "angle": 0,
        "axis": "y",
        "origin": [
          2,
          4,
          14
        ]
      },
      "faces": {
        "north": {
          "uv": [
            0,
            0,
            6,
            4
          ],
          "texture": "#0"
        },
        "east": {
          "uv": [
            6,
            1,
            6.5,
            5
          ],
          "texture": "#0"
        },
        "south": {
          "uv": [
            0,
            4,
            6,
            8
          ],
          "texture": "#0"
        },
        "west": {
          "uv": [
            6,
            5,
            6.5,
            9
          ],
          "texture": "#0"
        },
        "up": {
          "uv": [
            12,
            0.5,
            6,
            0
          ],
          "texture": "#0"
        },
        "down": {
          "uv": [
            12,
            0.5,
            6,
            1
          ],
          "texture": "#0"
        }
      }
    }
  ],
  "display": {
    "thirdperson_righthand": {
      "rotation": [
        180,
        0,
        180
      ],
      "translation": [
        0,
        3,
        8.5
      ]
    },
    "thirdperson_lefthand": {
      "rotation": [
        180,
        0,
        180
      ],
      "translation": [
        0,
        3,
        8.5
      ]
    },
    "firstperson_righthand": {
      "rotation": [
        180,
        0,
        180
      ],
      "translation": [
        -0.5,
        1.75,
        9
      ]
    },
    "firstperson_lefthand": {
      "rotation": [
        180,
        0,
        180
      ],
      "translation": [
        -2.25,
        0.5,
        9
      ]
    },
    "ground": {
      "rotation": [
        90,
        0,
        0
      ],
      "translation": [
        0,
        8.75,
        0
      ]
    },
    "gui": {
      "rotation": [
        -143,
        30,
        180
      ],
      "translation": [
        -3.75,
        -4.25,
        0
      ]
    },
    "fixed": {
      "translation": [
        0,
        0,
        -6.75
      ]
    }
  }
}