{
  "credit": "Made with Blockbench",
  "texture_size": [
    64,
    64
  ],
  "elements": [
    {
      "from": [
        5,
        8,
        -11
      ],
      "to": [
        11,
        14,
        23
      ],
      "rotation": {
        "angle": 0,
        "axis": "y",
        "origin": [
          7,
          10,
          0
        ]
      },
      "faces": {
        "north": {
          "uv": [
            3,
            3,
            4.5,
            4.5
          ],
          "texture": "#0"
        },
        "east": {
          "uv": [
            0,
            0,
            8.5,
            1.5
          ],
          "texture": "#0"
        },
        "south": {
          "uv": [
            3,
            4.5,
            4.5,
            6
          ],
          "texture": "#0"
        },
        "west": {
          "uv": [
            0,
            1.5,
            8.5,
            3
          ],
          "texture": "#0"
        },
        "up": {
          "uv": [
            1.5,
            11.5,
            0,
            3
          ],
          "texture": "#0"
        },
        "down": {
          "uv": [
            3,
            3,
            1.5,
            11.5
          ],
          "texture": "#0"
        }
      }
    },
    {
      "from": [
        6,
        9,
        23
      ],
      "to": [
        10,
        13,
        29
      ],
      "rotation": {
        "angle": 0,
        "axis": "y",
        "origin": [
          6,
          12,
          24
        ]
      },
      "faces": {
        "north": {
          "uv": [
            4.25,
            8.5,
            5.25,
            9.5
          ],
          "texture": "#0"
        },
        "east": {
          "uv": [
            4.25,
            7.5,
            5.75,
            8.5
          ],
          "texture": "#0"
        },
        "south": {
          "uv": [
            5.25,
            8.5,
            6.25,
            9.5
          ],
          "texture": "#0"
        },
        "west": {
          "uv": [
            7.5,
            4.25,
            9,
            5.25
          ],
          "texture": "#0"
        },
        "up": {
          "uv": [
            9.5,
            1.5,
            8.5,
            0
          ],
          "texture": "#0"
        },
        "down": {
          "uv": [
            9.5,
            1.5,
            8.5,
            3
          ],
          "texture": "#0"
        }
      }
    },
    {
      "from": [
        5.5,
        8.5,
        -13
      ],
      "to": [
        10.5,
        13.5,
        -11
      ],
      "rotation": {
        "angle": 0,
        "axis": "y",
        "origin": [
          5,
          9,
          -13
        ]
      },
      "faces": {
        "north": {
          "uv": [
            6,
            6,
            7.25,
            7.25
          ],
          "texture": "#0"
        },
        "east": {
          "uv": [
            8.5,
            5.25,
            9,
            6.5
          ],
          "texture": "#0"
        },
        "south": {
          "uv": [
            6,
            7.25,
            7.25,
            8.5
          ],
          "texture": "#0"
        },
        "west": {
          "uv": [
            6.25,
            8.5,
            6.75,
            9.75
          ],
          "texture": "#0"
        },
        "up": {
          "uv": [
            9.75,
            7,
            8.5,
            6.5
          ],
          "texture": "#0"
        },
        "down": {
          "uv": [
            8,
            8.5,
            6.75,
            9
          ],
          "texture": "#0"
        }
      }
    },
    {
      "from": [
        0,
        9,
        23
      ],
      "to": [
        6,
        9,
        29
      ],
      "rotation": {
        "angle": 22.5,
        "axis": "z",
        "origin": [
          6,
          9,
          23
        ]
      },
      "faces": {
        "north": {
          "uv": [
            0,
            0,
            1.5,
            0
          ],
          "texture": "#0"
        },
        "east": {
          "uv": [
            0,
            0,
            1.5,
            0
          ],
          "texture": "#0"
        },
        "south": {
          "uv": [
            0,
            0,
            1.5,
            0
          ],
          "texture": "#0"
        },
        "west": {
          "uv": [
            0,
            0,
            1.5,
            0
          ],
          "texture": "#0"
        },
        "up": {
          "uv": [
            6,
            4.5,
            4.5,
            3
          ],
          "texture": "#0"
        },
        "down": {
          "uv": [
            6,
            4.5,
            4.5,
            6
          ],
          "texture": "#0"
        }
      }
    },
    {
      "from": [
        10,
        9,
        23
      ],
      "to": [
        16,
        9,
        29
      ],
      "rotation": {
        "angle": -22.5,
        "axis": "z",
        "origin": [
          10,
          9,
          23
        ]
      },
      "faces": {
        "north": {
          "uv": [
            0,
            0,
            1.5,
            0
          ],
          "texture": "#0"
        },
        "east": {
          "uv": [
            0,
            0,
            1.5,
            0
          ],
          "texture": "#0"
        },
        "south": {
          "uv": [
            0,
            0,
            1.5,
            0
          ],
          "texture": "#0"
        },
        "west": {
          "uv": [
            0,
            0,
            1.5,
            0
          ],
          "texture": "#0"
        },
        "up": {
          "uv": [
            4.5,
            7.5,
            3,
            6
          ],
          "texture": "#0"
        },
        "down": {
          "uv": [
            7.5,
            3,
            6,
            4.5
          ],
          "texture": "#0"
        }
      }
    },
    {
      "from": [
        8,
        13,
        23
      ],
      "to": [
        8,
        19,
        29
      ],
      "rotation": {
        "angle": 0,
        "axis": "y",
        "origin": [
          8,
          13,
          23
        ]
      },
      "faces": {
        "north": {
          "uv": [
            0,
            0,
            0,
            1.5
          ],
          "texture": "#0"
        },
        "east": {
          "uv": [
            4.5,
            6,
            6,
            7.5
          ],
          "texture": "#0"
        },
        "south": {
          "uv": [
            0,
            0,
            0,
            1.5
          ],
          "texture": "#0"
        },
        "west": {
          "uv": [
            6,
            4.5,
            7.5,
            6
          ],
          "texture": "#0"
        },
        "up": {
          "uv": [
            0,
            1.5,
            0,
            0
          ],
          "texture": "#0"
        },
        "down": {
          "uv": [
            0,
            0,
            0,
            1.5
          ],
          "texture": "#0"
        }
      }
    },
    {
      "from": [
        0,
        12,
        2
      ],
      "to": [
        5,
        12,
        7
      ],
      "rotation": {
        "angle": 0,
        "axis": "y",
        "origin": [
          3,
          11,
          2
        ]
      },
      "faces": {
        "north": {
          "uv": [
            0,
            0,
            1.25,
            0
          ],
          "texture": "#0"
        },
        "east": {
          "uv": [
            0,
            0,
            1.25,
            0
          ],
          "texture": "#0"
        },
        "south": {
          "uv": [
            0,
            0,
            1.25,
            0
          ],
          "texture": "#0"
        },
        "west": {
          "uv": [
            0,
            0,
            1.25,
            0
          ],
          "texture": "#0"
        },
        "up": {
          "uv": [
            8.5,
            7.25,
            7.25,
            6
          ],
          "texture": "#0"
        },
        "down": {
          "uv": [
            8.5,
            7.25,
            7.25,
            8.5
          ],
          "texture": "#0"
        }
      }
    },
    {
      "from": [
        11,
        12,
        2
      ],
      "to": [
        16,
        12,
        7
      ],
      "rotation": {
        "angle": 0,
        "axis": "y",
        "origin": [
          14,
          11,
          2
        ]
      },
      "faces": {
        "north": {
          "uv": [
            0,
            0,
            1.25,
            0
          ],
          "texture": "#0"
        },
        "east": {
          "uv": [
            0,
            0,
            1.25,
            0
          ],
          "texture": "#0"
        },
        "south": {
          "uv": [
            0,
            0,
            1.25,
            0
          ],
          "texture": "#0"
        },
        "west": {
          "uv": [
            0,
            0,
            1.25,
            0
          ],
          "texture": "#0"
        },
        "up": {
          "uv": [
            4.25,
            8.75,
            3,
            7.5
          ],
          "texture": "#0"
        },
        "down": {
          "uv": [
            8.75,
            3,
            7.5,
            4.25
          ],
          "texture": "#0"
        }
      }
    },
    {
      "from": [
        7,
        14,
        2
      ],
      "to": [
        9,
        16,
        14
      ],
      "rotation": {
        "angle": 0,
        "axis": "y",
        "origin": [
          7,
          14,
          7
        ]
      },
      "faces": {
        "north": {
          "uv": [
            5.5,
            0.5,
            6,
            1
          ],
          "texture": "#0"
        },
        "east": {
          "uv": [
            4.5,
            2,
            7.5,
            2.5
          ],
          "texture": "#0"
        },
        "south": {
          "uv": [
            5.5,
            0.5,
            6,
            1
          ],
          "texture": "#0"
        },
        "west": {
          "uv": [
            1.5,
            0.75,
            4.5,
            1.25
          ],
          "texture": "#0"
        },
        "up": {
          "uv": [
            2.25,
            4.5,
            2.75,
            7.5
          ],
          "texture": "#0"
        },
        "down": {
          "uv": [
            0.75,
            4.75,
            1.25,
            7.75
          ],
          "texture": "#0"
        }
      }
    }
  ],
  "display": {
    "thirdperson_righthand": {
      "rotation": [
        121,
        0,
        0
      ],
      "translation": [
        0,
        3,
        2.75
      ],
      "scale": [
        0.64,
        0.64,
        0.64
      ]
    },
    "thirdperson_lefthand": {
      "rotation": [
        121,
        0,
        0
      ],
      "translation": [
        0,
        3,
        2.75
      ],
      "scale": [
        0.64,
        0.64,
        0.64
      ]
    },
    "firstperson_righthand": {
      "rotation": [
        62,
        0,
        55
      ],
      "translation": [
        4.75,
        -1.5,
        0
      ]
    },
    "firstperson_lefthand": {
      "rotation": [
        62,
        0,
        55
      ],
      "translation": [
        4.75,
        -1.5,
        0
      ]
    },
    "ground": {
      "translation": [
        0,
        -1.75,
        0
      ],
      "scale": [
        0.64,
        0.64,
        0.64
      ]
    },
    "gui": {
      "rotation": [
        30,
        -145,
        0
      ],
      "translation": [
        1,
        -2.5,
        0
      ],
      "scale": [
        0.64,
        0.64,
        0.64
      ]
    },
    "head": {
      "translation": [
        0,
        6.75,
        0
      ]
    },
    "fixed": {
      "rotation": [
        -90,
        0,
        0
      ]
    }
  }
}