{
  "credit": "Made with Blockbench",
  "display": {
    "thirdperson_righthand": {
      "rotation": [
        19,
        45,
        0
      ],
      "translation": [
        0,
        -2,
        -1.75
      ],
      "scale": [
        0.4,
        0.4,
        0.4
      ]
    },
    "thirdperson_lefthand": {
      "rotation": [
        19,
        45,
        0
      ],
      "translation": [
        0,
        -2,
        -1.75
      ],
      "scale": [
        0.4,
        0.4,
        0.4
      ]
    },
    "firstperson_righthand": {
      "rotation": [
        49,
        17,
        0
      ],
      "translation": [
        7.25,
        -2,
        0
      ],
      "scale": [
        0.64,
        0.64,
        0.64
      ]
    },
    "firstperson_lefthand": {
      "rotation": [
        49,
        17,
        0
      ],
      "translation": [
        7.25,
        -2,
        0
      ],
      "scale": [
        0.64,
        0.64,
        0.64
      ]
    },
    "ground": {
      "translation": [
        0,
        1.75,
        0
      ],
      "scale": [
        0.35,
        0.35,
        0.35
      ]
    },
    "gui": {
      "rotation": [
        35,
        -135,
        0
      ],
      "translation": [
        -2,
        -3.25,
        0
      ],
      "scale": [
        0.5,
        0.5,
        0.5
      ]
    },
    "head": {
      "translation": [
        0,
        -7.25,
        0
      ]
    },
    "fixed": {
      "translation": [
        0,
        -8,
        0
      ]
    }
  },
  "textures": {
    "particle": "item/minigun"
  }
}